USE ITInventoryDB;
-- USE ITInventory;
GO

-- DELETE ALL FROM ALL TABLES
--DELETE FROM [AuthIDServer];
DELETE FROM [HardwareHistory];
DELETE FROM [ProgramHistory];
DELETE FROM [Computer];
DELETE FROM [Monitor];
DELETE FROM [Peripheral];
DELETE FROM [Server];
DELETE FROM [Plugins];
DELETE FROM [Program];
DELETE FROM [Employee];
DELETE FROM [Department];

---- Insert AuthIDServer values.
--SET IDENTITY_INSERT [AuthIDServer] ON
--INSERT INTO [AuthIDServer] ([AuthorizationSimpleID], [ActiveDirectoryID], [RefreshToken], [IsAdmin]) VALUES (1, N'1', N'bkjh4wbkjthb4kjhwbe4kjthbwek4jhtbkjwe4hbtkjh4webtkjwhbe4khj', 1)
--INSERT INTO [AuthIDServer] ([AuthorizationSimpleID], [ActiveDirectoryID], [RefreshToken], [IsAdmin]) VALUES (2, N'2', N'jqwkh4b5jwuke4hyg5gkj4whgbj5khwe4brtkj4heb', 0)
--INSERT INTO [AuthIDServer] ([AuthorizationSimpleID], [ActiveDirectoryID], [RefreshToken], [IsAdmin]) VALUES (3, N'3', N'fa4dsvse4v4sef', 0)
--SET IDENTITY_INSERT [AuthIDServer] OFF

SET IDENTITY_INSERT [Department] ON 

INSERT [Department] ([DepartmentID], [DefaultHardware], [DefaultPrograms], [DepartmentName], [IsDeleted]) VALUES (8, N'Mouse, Keyboard, Monitor', N'Office, Jira, Admintools', N'IT', 0)
INSERT [Department] ([DepartmentID], [DefaultHardware], [DefaultPrograms], [DepartmentName], [IsDeleted]) VALUES (13, N'Mouse, Keyboard, Monitor', N'Office, Jira, Confluence, Visual Studio', N'Developer', 0)
INSERT [Department] ([DepartmentID], [DefaultHardware], [DefaultPrograms], [DepartmentName], [IsDeleted]) VALUES (14, N'Mouse, Keyboard, Monitor', N'Office, Jira, Confluence, Sketch', N'Design', 0)
INSERT [Department] ([DepartmentID], [DefaultHardware], [DefaultPrograms], [DepartmentName], [IsDeleted]) VALUES (15, N'Mouse, Keyboard', N'Office, Jira, Confluence, Calendar', N'Project Manager', 0)
INSERT [Department] ([DepartmentID], [DefaultHardware], [DefaultPrograms], [DepartmentName], [IsDeleted]) VALUES (16, N'CQL', N'CQL', N'Utilities', 0)
INSERT [Department] ([DepartmentID], [DefaultHardware], [DefaultPrograms], [DepartmentName], [IsDeleted]) VALUES (17, N'Mouse, Keyboard, Monitor', N'Office, Confluence, Viper', N'Sales', 0)
INSERT [Department] ([DepartmentID], [DefaultHardware], [DefaultPrograms], [DepartmentName], [IsDeleted]) VALUES (20, N'Mouse, Keyboard, Monitor', N'Office, Jira, Calendar', N'DevOps', 0)
INSERT [Department] ([DepartmentID], [DefaultHardware], [DefaultPrograms], [DepartmentName], [IsDeleted]) VALUES (22, N'Mouse', N'Jira', N'Depreciated Department', 1)
INSERT [Department] ([DepartmentID], [DefaultHardware], [DefaultPrograms], [DepartmentName], [IsDeleted]) VALUES (23, N'Monitor', N'Jira', N'Admin', 0)
SET IDENTITY_INSERT [Department] OFF
SET IDENTITY_INSERT [Employee] ON 

INSERT [Employee] ([EmployeeID], [HireDate], [DepartmentID], [IsDeleted], [UserSettings], [FirstName], [LastName], [Email], [Role], [ADGUID]) VALUES (1, CAST(N'2012-05-05' AS Date), 8, 0, N'{"license":["Sketch","Bitbucket User", "Jira Software"],"software":["Confluence User","Parallels (Business Edition)"]}', N'Dan', N'TheMan', N'dan.theman@email.com', N'Admin', N'811cbf54-2913-4ffc-8f33-6418ddb4e06d')
INSERT [Employee] ([EmployeeID], [HireDate], [DepartmentID], [IsDeleted], [UserSettings], [FirstName], [LastName], [Email], [Role], [ADGUID]) VALUES (2, CAST(N'2013-05-05' AS Date), 13, 0, NULL, N'Mike', N'Leo', N'mark.leo@email.com', N'Developer', N'2')
INSERT [Employee] ([EmployeeID], [HireDate], [DepartmentID], [IsDeleted], [UserSettings], [FirstName], [LastName], [Email], [Role], [ADGUID]) VALUES (3, CAST(N'2010-02-02' AS Date), 13, 1, NULL, N'Steve', N'Jobs', N'steve.jobs@email.com', N'Developer', N'3')
INSERT [Employee] ([EmployeeID], [HireDate], [DepartmentID], [IsDeleted], [UserSettings], [FirstName], [LastName], [Email], [Role], [ADGUID]) VALUES (4, CAST(N'2016-02-04' AS Date), 13, 1, NULL, N'John', N'Does', N'email.com', N'Developer', N'4')
INSERT [Employee] ([EmployeeID], [HireDate], [DepartmentID], [IsDeleted], [UserSettings], [FirstName], [LastName], [Email], [Role], [ADGUID]) VALUES (5, CAST(N'2018-01-01' AS Date), 14, 1, NULL, N'Jack', N'Black', N'email.com', N'Designer', N'5')
INSERT [Employee] ([EmployeeID], [HireDate], [DepartmentID], [IsDeleted], [UserSettings], [FirstName], [LastName], [Email], [Role], [ADGUID]) VALUES (6, CAST(N'2012-12-14' AS Date), 14, 1, NULL, N'Jill', N'Doe', N'email.com', N'Designer', N'6')
INSERT [Employee] ([EmployeeID], [HireDate], [DepartmentID], [IsDeleted], [UserSettings], [FirstName], [LastName], [Email], [Role], [ADGUID]) VALUES (8, CAST(N'2014-12-12' AS Date), 15, 1, NULL, N'Wayne', N'Rooney', N'email.com', N'Project Manager', N'7')
INSERT [Employee] ([EmployeeID], [HireDate], [DepartmentID], [IsDeleted], [UserSettings], [FirstName], [LastName], [Email], [Role], [ADGUID]) VALUES (9, CAST(N'2006-12-13' AS Date), 15, 1, NULL, N'Jemima', N'Puddleduck', N'email.com', N'Project Manager', N'8')
INSERT [Employee] ([EmployeeID], [HireDate], [DepartmentID], [IsDeleted], [UserSettings], [FirstName], [LastName], [Email], [Role], [ADGUID]) VALUES (10, CAST(N'2019-05-05' AS Date), 16, 0, NULL, N'CQL', N'CQL', N'CQL', N'CQL', N'CQL')
INSERT [Employee] ([EmployeeID], [HireDate], [DepartmentID], [IsDeleted], [UserSettings], [FirstName], [LastName], [Email], [Role], [ADGUID]) VALUES (11, CAST(N'2019-06-07' AS Date), 13, 0, NULL, N'Charlie', N'Kornhole', N'charlie.kornhole@email.com', N'Developer', N'45tegb5ey')
INSERT [Employee] ([EmployeeID], [HireDate], [DepartmentID], [IsDeleted], [UserSettings], [FirstName], [LastName], [Email], [Role], [ADGUID]) VALUES (13, CAST(N'2019-05-05' AS Date), 13, 0, NULL, N'Joseph', N'Bull', N'joseph.bull@email.com', N'Developer', N'wk4jh5glkj')
INSERT [Employee] ([EmployeeID], [HireDate], [DepartmentID], [IsDeleted], [UserSettings], [FirstName], [LastName], [Email], [Role], [ADGUID]) VALUES (15, CAST(N'2000-01-02' AS Date), 23, 0, NULL, N'Doug', N'VK', N'doug.vk@email.com', N'CTO', N'fs4afsd4')
INSERT [Employee] ([EmployeeID], [HireDate], [DepartmentID], [IsDeleted], [UserSettings], [FirstName], [LastName], [Email], [Role], [ADGUID]) VALUES (17, CAST(N'1999-02-28' AS Date), 20, 0, NULL, N'Jul', N'Cans', N'jul.cans@email.com', N'DevOps', N'4kujgh4')
INSERT [Employee] ([EmployeeID], [HireDate], [DepartmentID], [IsDeleted], [UserSettings], [FirstName], [LastName], [Email], [Role], [ADGUID]) VALUES (18, CAST(N'2003-06-12' AS Date), 14, 0, NULL, N'B-B', N'Knap', N'bb.knap@email.com', N'Designer', N'h4kwjh5l')
INSERT [Employee] ([EmployeeID], [HireDate], [DepartmentID], [IsDeleted], [UserSettings], [FirstName], [LastName], [Email], [Role], [ADGUID]) VALUES (19, CAST(N'2001-04-18' AS Date), 17, 0, NULL, N'Aubs', N'Baking', N'aubs.baking@email.com', N'Sales', N'wkjh4')
INSERT [Employee] ([EmployeeID], [HireDate], [DepartmentID], [IsDeleted], [UserSettings], [FirstName], [LastName], [Email], [Role], [ADGUID]) VALUES (20, CAST(N'2000-02-27' AS Date), 15, 0, NULL, N'Bobby', N'Kay', N'bobby.kay@email.com', N'Project Manager', N'jhgk43')
INSERT [Employee] ([EmployeeID], [HireDate], [DepartmentID], [IsDeleted], [UserSettings], [FirstName], [LastName], [Email], [Role], [ADGUID]) VALUES (21, CAST(N'1998-09-20' AS Date), 13, 0, NULL, N'Joel', N'DeCoolest', N'joel.decollest@email.com', N'Developer', N'kjh4')
INSERT [Employee] ([EmployeeID], [HireDate], [DepartmentID], [IsDeleted], [UserSettings], [FirstName], [LastName], [Email], [Role], [ADGUID]) VALUES (22, CAST(N'1987-11-16' AS Date), 23, 0, NULL, N'Mark', N'Ladder', N'mark.ladder@email.com', N'Admin', N'jk4h4khj')
INSERT [Employee] ([EmployeeID], [HireDate], [DepartmentID], [IsDeleted], [UserSettings], [FirstName], [LastName], [Email], [Role], [ADGUID]) VALUES (23, CAST(N'1967-01-04' AS Date), 13, 0, NULL, N'Chad', N'Fish', N'chad.fish@email.com', N'Developer', N'kjhkjh54')
INSERT [Employee] ([EmployeeID], [HireDate], [DepartmentID], [IsDeleted], [UserSettings], [FirstName], [LastName], [Email], [Role], [ADGUID]) VALUES (24, CAST(N'2004-05-22' AS Date), 13, 0, NULL, N'Tim', N'Timmer', N'tim.timmer@email.com', N'Developer', N'khg4kj433')
INSERT [Employee] ([EmployeeID], [HireDate], [DepartmentID], [IsDeleted], [UserSettings], [FirstName], [LastName], [Email], [Role], [ADGUID]) VALUES (25, CAST(N'2003-05-14' AS Date), 13, 0, NULL, N'Mike', N'Elder', N'mike.elder@email.com', N'Developer', N'kljhw45')
INSERT [Employee] ([EmployeeID], [HireDate], [DepartmentID], [IsDeleted], [UserSettings], [FirstName], [LastName], [Email], [Role], [ADGUID]) VALUES (26, CAST(N'2001-06-09' AS Date), 13, 0, NULL, N'Des', N'Nes', N'des.nes@email.com', N'Developer', N'kjhg453')
INSERT [Employee] ([EmployeeID], [HireDate], [DepartmentID], [IsDeleted], [UserSettings], [FirstName], [LastName], [Email], [Role], [ADGUID]) VALUES (27, CAST(N'2006-12-12' AS Date), 15, 0, NULL, N'Laura', N'Sull', N'laura.sull@email.com', N'Project Manager', N'hgk4hjk43')
INSERT [Employee] ([EmployeeID], [HireDate], [DepartmentID], [IsDeleted], [UserSettings], [FirstName], [LastName], [Email], [Role], [ADGUID]) VALUES (28, CAST(N'2008-12-25' AS Date), 13, 0, NULL, N'Chris', N'Christmas', N'chris.christmas@email.com', N'Christmas Developer', N'gqwhjghjqw3')
INSERT [Employee] ([EmployeeID], [HireDate], [DepartmentID], [IsDeleted], [UserSettings], [FirstName], [LastName], [Email], [Role], [ADGUID]) VALUES (29, CAST(N'2009-11-20' AS Date), 14, 0, NULL, N'Rob', N'Hob', N'rob.hob@email.com', N'Designer', N'kwhjg45j')
INSERT [Employee] ([EmployeeID], [HireDate], [DepartmentID], [IsDeleted], [UserSettings], [FirstName], [LastName], [Email], [Role], [ADGUID]) VALUES (30, CAST(N'2010-10-10' AS Date), 23, 0, NULL, N'Jen', N'Spinich', N'jen.spinich@email.com', N'Human Resources', N'khjg4kj')
INSERT [Employee] ([EmployeeID], [HireDate], [DepartmentID], [IsDeleted], [UserSettings], [FirstName], [LastName], [Email], [Role], [ADGUID]) VALUES (31, CAST(N'2011-08-09' AS Date), 13, 0, NULL, N'DJ', N'CJ', N'dj.cj@email.com', N'Developer', N'kjhklw43w43')
INSERT [Employee] ([EmployeeID], [HireDate], [DepartmentID], [IsDeleted], [UserSettings], [FirstName], [LastName], [Email], [Role], [ADGUID]) VALUES (32, CAST(N'2013-07-08' AS Date), 13, 0, NULL, N'Mar', N'Low', N'mar.low@email.com', N'Developer', N'awejed9sa8')
INSERT [Employee] ([EmployeeID], [HireDate], [DepartmentID], [IsDeleted], [UserSettings], [FirstName], [LastName], [Email], [Role], [ADGUID]) VALUES (33, CAST(N'2018-02-10' AS Date), 13, 0, NULL, N'Eric', N'PJ', N'eric.pj@email.com', N'Developer', N'w45wekjh')
SET IDENTITY_INSERT [Employee] OFF
SET IDENTITY_INSERT [Computer] ON 

INSERT [Computer] ([ComputerID], [ComputerName], [CPU], [RAMGB], [SSDGB], [PurchaseDate], [RenewalDate], [FlatCost], [MonitorOutput], [EndOfLife], [EmployeeID], [IsAssigned], [TextField], [ScreenSize], [CostPerYear], [IsDeleted], [Resolution], [MFG]) VALUES (1, N'MacBook 2015', N'i74790', 16, 500, CAST(N'2012-02-02' AS Date), CAST(N'2012-02-02' AS Date), 450.0000, N'HDMI', CAST(N'2022-02-02' AS Date), 3, 1, NULL, CAST(13.00 AS Decimal(9, 2)), NULL, 0, 1, NULL)
INSERT [Computer] ([ComputerID], [ComputerName], [CPU], [RAMGB], [SSDGB], [PurchaseDate], [RenewalDate], [FlatCost], [MonitorOutput], [EndOfLife], [EmployeeID], [IsAssigned], [TextField], [ScreenSize], [CostPerYear], [IsDeleted], [Resolution], [MFG]) VALUES (2, N'Notebook 2019', N'i99999', 32, 1000, CAST(N'2019-02-02' AS Date), CAST(N'2022-02-02' AS Date), 950.0000, N'HDMI', CAST(N'2024-02-02' AS Date), 4, 1, NULL, CAST(15.00 AS Decimal(9, 2)), NULL, 0, 2, NULL)
INSERT [Computer] ([ComputerID], [ComputerName], [CPU], [RAMGB], [SSDGB], [PurchaseDate], [RenewalDate], [FlatCost], [MonitorOutput], [EndOfLife], [EmployeeID], [IsAssigned], [TextField], [ScreenSize], [CostPerYear], [IsDeleted], [Resolution], [MFG]) VALUES (3, N'CoolerMaster 20188', N'i99999', 16, 1200, CAST(N'2019-02-02' AS Date), CAST(N'2022-02-02' AS Date), 950.0000, N'HDMI, VGA', CAST(N'2025-02-02' AS Date), NULL, 0, NULL, NULL, NULL, 0, NULL, NULL)
INSERT [Computer] ([ComputerID], [ComputerName], [CPU], [RAMGB], [SSDGB], [PurchaseDate], [RenewalDate], [FlatCost], [MonitorOutput], [EndOfLife], [EmployeeID], [IsAssigned], [TextField], [ScreenSize], [CostPerYear], [IsDeleted], [Resolution], [MFG]) VALUES (4, N'Dell PC', N'i77777', 16, 2000, CAST(N'2014-02-02' AS Date), CAST(N'2015-02-02' AS Date), 800.0000, N'DVI', CAST(N'2020-02-02' AS Date), 5, 1, NULL, NULL, NULL, 0, NULL, NULL)
INSERT [Computer] ([ComputerID], [ComputerName], [CPU], [RAMGB], [SSDGB], [PurchaseDate], [RenewalDate], [FlatCost], [MonitorOutput], [EndOfLife], [EmployeeID], [IsAssigned], [TextField], [ScreenSize], [CostPerYear], [IsDeleted], [Resolution], [MFG]) VALUES (6, N'Dell PC', N'17777', 16, 1000, CAST(N'2019-06-02' AS Date), CAST(N'2019-10-10' AS Date), 850.0000, N'DVI, HDMI', CAST(N'2022-03-06' AS Date), 5, 1, NULL, NULL, NULL, 0, 2, NULL)
INSERT [Computer] ([ComputerID], [ComputerName], [CPU], [RAMGB], [SSDGB], [PurchaseDate], [RenewalDate], [FlatCost], [MonitorOutput], [EndOfLife], [EmployeeID], [IsAssigned], [TextField], [ScreenSize], [CostPerYear], [IsDeleted], [Resolution], [MFG]) VALUES (7, N'Notebook 2020', N'i99990', 32, 2000, CAST(N'2019-04-04' AS Date), CAST(N'2020-10-10' AS Date), 1000.0000, N'HMDI', CAST(N'2020-03-03' AS Date), 2, 1, NULL, CAST(15.00 AS Decimal(9, 2)), NULL, 0, 1, NULL)
INSERT [Computer] ([ComputerID], [ComputerName], [CPU], [RAMGB], [SSDGB], [PurchaseDate], [RenewalDate], [FlatCost], [MonitorOutput], [EndOfLife], [EmployeeID], [IsAssigned], [TextField], [ScreenSize], [CostPerYear], [IsDeleted], [Resolution], [MFG]) VALUES (9, N'Macbook 2020', N'i77770', 16, 1000, CAST(N'2019-06-06' AS Date), CAST(N'2025-10-10' AS Date), 1500.0000, N'Display Port', CAST(N'2020-03-03' AS Date), NULL, 0, NULL, CAST(13.00 AS Decimal(9, 2)), NULL, 1, 1, NULL)
SET IDENTITY_INSERT [Computer] OFF
SET IDENTITY_INSERT [HardwareHistory] ON 

INSERT [HardwareHistory] ([HardwareHistoryID], [CurrentOwnerID], [CurrentOwnerStartDate], [PreviousOwnerID], [HardwareType], [HardwareID], [EventName], [EventDescription]) VALUES (1, 3, CAST(N'2012-02-02' AS Date), NULL, N'Computer', 1, N'Assigning laptop', N'Gave Steve Jobs a laptop')
INSERT [HardwareHistory] ([HardwareHistoryID], [CurrentOwnerID], [CurrentOwnerStartDate], [PreviousOwnerID], [HardwareType], [HardwareID], [EventName], [EventDescription]) VALUES (2, 4, CAST(N'2019-05-05' AS Date), 3, N'Computer', 2, N'Trading laptop', N'Gave John Does, Steve Job''s notebook')
INSERT [HardwareHistory] ([HardwareHistoryID], [CurrentOwnerID], [CurrentOwnerStartDate], [PreviousOwnerID], [HardwareType], [HardwareID], [EventName], [EventDescription]) VALUES (3, 3, CAST(N'2019-04-04' AS Date), NULL, N'Computer', 2, N'Assigning laptop', N'Gave Steve Jobs a notebook')
INSERT [HardwareHistory] ([HardwareHistoryID], [CurrentOwnerID], [CurrentOwnerStartDate], [PreviousOwnerID], [HardwareType], [HardwareID], [EventName], [EventDescription]) VALUES (4, 4, CAST(N'2019-02-02' AS Date), NULL, N'Monitor', 2, N'Assigning Monitor', N'Gave John Does a Dell monitor')
INSERT [HardwareHistory] ([HardwareHistoryID], [CurrentOwnerID], [CurrentOwnerStartDate], [PreviousOwnerID], [HardwareType], [HardwareID], [EventName], [EventDescription]) VALUES (5, 2, CAST(N'2018-02-02' AS Date), NULL, N'Monitor', 3, N'Assigning Monitor', N'Gave Mike Leo a Dell 2019 monitor')
INSERT [HardwareHistory] ([HardwareHistoryID], [CurrentOwnerID], [CurrentOwnerStartDate], [PreviousOwnerID], [HardwareType], [HardwareID], [EventName], [EventDescription]) VALUES (6, 2, CAST(N'2017-02-02' AS Date), NULL, N'Peripheral', 3, N'Assigning Mouse ', N'Gave Mike Leo a Logitech Mouse')
SET IDENTITY_INSERT [HardwareHistory] OFF
SET IDENTITY_INSERT [Monitor] ON 

INSERT [Monitor] ([MonitorID], [Make], [Model], [Resolution], [Outputs], [EmployeeID], [IsAssigned], [TextField], [PurchaseDate], [FlatCost], [CostPerYear], [IsDeleted], [ScreenSize], [MFG]) VALUES (1, N'Dell', N'2017', 1, N'HDMI, VGA', NULL, 0, NULL, CAST(N'2014-02-02' AS Date), 150.0000, NULL, 0, 17, NULL)
INSERT [Monitor] ([MonitorID], [Make], [Model], [Resolution], [Outputs], [EmployeeID], [IsAssigned], [TextField], [PurchaseDate], [FlatCost], [CostPerYear], [IsDeleted], [ScreenSize], [MFG]) VALUES (2, N'Dell', N'2012', 1, N'HDMI', 4, 1, NULL, CAST(N'2015-02-02' AS Date), 200.0000, NULL, 0, 15, NULL)
INSERT [Monitor] ([MonitorID], [Make], [Model], [Resolution], [Outputs], [EmployeeID], [IsAssigned], [TextField], [PurchaseDate], [FlatCost], [CostPerYear], [IsDeleted], [ScreenSize], [MFG]) VALUES (3, N'Dell', N'2019', 2, N'HDMI', 2, 1, NULL, CAST(N'2019-02-02' AS Date), 350.0000, NULL, 0, 24, NULL)
INSERT [Monitor] ([MonitorID], [Make], [Model], [Resolution], [Outputs], [EmployeeID], [IsAssigned], [TextField], [PurchaseDate], [FlatCost], [CostPerYear], [IsDeleted], [ScreenSize], [MFG]) VALUES (4, N'Asus', N'2020', 2, N'Display Port, HMDI', 5, 1, NULL, CAST(N'2019-06-06' AS Date), 450.0000, NULL, 0, 26, NULL)
INSERT [Monitor] ([MonitorID], [Make], [Model], [Resolution], [Outputs], [EmployeeID], [IsAssigned], [TextField], [PurchaseDate], [FlatCost], [CostPerYear], [IsDeleted], [ScreenSize], [MFG]) VALUES (5, N'Samsung', N'2016', 1, N'HDMI, VGA', NULL, 0, NULL, CAST(N'2016-02-02' AS Date), 150.0000, NULL, 0, 24, NULL)
INSERT [Monitor] ([MonitorID], [Make], [Model], [Resolution], [Outputs], [EmployeeID], [IsAssigned], [TextField], [PurchaseDate], [FlatCost], [CostPerYear], [IsDeleted], [ScreenSize], [MFG]) VALUES (6, N'Samsung', N'2018', 1, N'Display Port, HMDI', 9, 1, NULL, CAST(N'2018-05-05' AS Date), 150.0000, NULL, 0, 22, NULL)
INSERT [Monitor] ([MonitorID], [Make], [Model], [Resolution], [Outputs], [EmployeeID], [IsAssigned], [TextField], [PurchaseDate], [FlatCost], [CostPerYear], [IsDeleted], [ScreenSize], [MFG]) VALUES (7, N'Samsung', N'2017', 2, N'HDMI', 6, 1, NULL, CAST(N'2017-02-02' AS Date), 200.0000, NULL, 0, 22, NULL)
INSERT [Monitor] ([MonitorID], [Make], [Model], [Resolution], [Outputs], [EmployeeID], [IsAssigned], [TextField], [PurchaseDate], [FlatCost], [CostPerYear], [IsDeleted], [ScreenSize], [MFG]) VALUES (9, N'Panasonic', N'2010', 1, N'DVI', 4, 1, NULL, CAST(N'2010-02-02' AS Date), 120.0000, NULL, 1, 16, NULL)
INSERT [Monitor] ([MonitorID], [Make], [Model], [Resolution], [Outputs], [EmployeeID], [IsAssigned], [TextField], [PurchaseDate], [FlatCost], [CostPerYear], [IsDeleted], [ScreenSize], [MFG]) VALUES (10, N'Benq', N'2017', 1, N'Display Port, HDMI, VGA', 3, 1, NULL, CAST(N'2017-02-02' AS Date), 200.0000, NULL, 0, 24, NULL)
INSERT [Monitor] ([MonitorID], [Make], [Model], [Resolution], [Outputs], [EmployeeID], [IsAssigned], [TextField], [PurchaseDate], [FlatCost], [CostPerYear], [IsDeleted], [ScreenSize], [MFG]) VALUES (11, N'Benq', N'2020', 2, N'Display Port', 5, 1, NULL, CAST(N'2020-02-02' AS Date), 180.0000, NULL, 1, 24, NULL)
SET IDENTITY_INSERT [Monitor] OFF
SET IDENTITY_INSERT [Peripheral] ON 

INSERT [Peripheral] ([PeripheralID], [PeripheralName], [PeripheralType], [TextField], [EmployeeID], [IsAssigned], [FlatCost], [PurchaseDate], [CostPerYear], [IsDeleted], [MFG]) VALUES (1, N'Mouse', N'Mouse', NULL, NULL, 0, 20.0000, CAST(N'2010-02-02' AS Date), NULL, 0, NULL)
INSERT [Peripheral] ([PeripheralID], [PeripheralName], [PeripheralType], [TextField], [EmployeeID], [IsAssigned], [FlatCost], [PurchaseDate], [CostPerYear], [IsDeleted], [MFG]) VALUES (3, N'Logitech', N'Mouse', NULL, 2, 1, 25.0000, CAST(N'2017-02-02' AS Date), NULL, 0, NULL)
INSERT [Peripheral] ([PeripheralID], [PeripheralName], [PeripheralType], [TextField], [EmployeeID], [IsAssigned], [FlatCost], [PurchaseDate], [CostPerYear], [IsDeleted], [MFG]) VALUES (4, N'DBPower', N'Keyboard', N'Cool lights', 4, 1, 22.5000, CAST(N'2019-05-24' AS Date), NULL, 0, NULL)
INSERT [Peripheral] ([PeripheralID], [PeripheralName], [PeripheralType], [TextField], [EmployeeID], [IsAssigned], [FlatCost], [PurchaseDate], [CostPerYear], [IsDeleted], [MFG]) VALUES (6, N'Logitech', N'Keyboard', NULL, 5, 1, 40.0000, CAST(N'2018-05-05' AS Date), NULL, 0, NULL)
INSERT [Peripheral] ([PeripheralID], [PeripheralName], [PeripheralType], [TextField], [EmployeeID], [IsAssigned], [FlatCost], [PurchaseDate], [CostPerYear], [IsDeleted], [MFG]) VALUES (7, N'Bose', N'Headphones', NULL, 1, 1, 200.0000, CAST(N'2019-06-03' AS Date), NULL, 0, NULL)
INSERT [Peripheral] ([PeripheralID], [PeripheralName], [PeripheralType], [TextField], [EmployeeID], [IsAssigned], [FlatCost], [PurchaseDate], [CostPerYear], [IsDeleted], [MFG]) VALUES (8, N'Bose', N'Headphones', NULL, 4, 1, 350.0000, CAST(N'2019-02-02' AS Date), NULL, 0, NULL)
INSERT [Peripheral] ([PeripheralID], [PeripheralName], [PeripheralType], [TextField], [EmployeeID], [IsAssigned], [FlatCost], [PurchaseDate], [CostPerYear], [IsDeleted], [MFG]) VALUES (9, N'Dell', N'Mouse', NULL, NULL, 0, 15.0000, CAST(N'2016-02-02' AS Date), NULL, 0, NULL)
INSERT [Peripheral] ([PeripheralID], [PeripheralName], [PeripheralType], [TextField], [EmployeeID], [IsAssigned], [FlatCost], [PurchaseDate], [CostPerYear], [IsDeleted], [MFG]) VALUES (10, N'Dell', N'Mouse', NULL, 6, 1, 22.0000, CAST(N'2017-05-05' AS Date), NULL, 0, NULL)
INSERT [Peripheral] ([PeripheralID], [PeripheralName], [PeripheralType], [TextField], [EmployeeID], [IsAssigned], [FlatCost], [PurchaseDate], [CostPerYear], [IsDeleted], [MFG]) VALUES (12, N'Dell', N'Headphones', NULL, 8, 1, 22.0000, CAST(N'2016-05-05' AS Date), NULL, 0, NULL)
INSERT [Peripheral] ([PeripheralID], [PeripheralName], [PeripheralType], [TextField], [EmployeeID], [IsAssigned], [FlatCost], [PurchaseDate], [CostPerYear], [IsDeleted], [MFG]) VALUES (13, N'Hp', N'Printer', NULL, 1, 1, 100.0000, CAST(N'2018-05-05' AS Date), NULL, 0, NULL)
INSERT [Peripheral] ([PeripheralID], [PeripheralName], [PeripheralType], [TextField], [EmployeeID], [IsAssigned], [FlatCost], [PurchaseDate], [CostPerYear], [IsDeleted], [MFG]) VALUES (14, N'HP', N'Mouse', NULL, NULL, 0, 25.0000, CAST(N'2016-05-05' AS Date), NULL, 0, NULL)
SET IDENTITY_INSERT [Peripheral] OFF
SET IDENTITY_INSERT [Program] ON 

INSERT [Program] ([ProgramID], [ProgramName], [ProgramCostPerYear], [ProgramCostPerEmployee], [ProgramLicenseKey], [IsLicense], [EmployeeID], [Description], [ProgramPurchaseLink], [HasPlugIn], [IsDeleted], [IsCostPerYear], [DateBought]) VALUES (38, N'Sketch', 64.0000, NULL, NULL, 1, 18, N'Sketch Application', N'Sketch.com', 0, 0, 1, CAST(N'2019-02-02' AS Date))
INSERT [Program] ([ProgramID], [ProgramName], [ProgramCostPerYear], [ProgramCostPerEmployee], [ProgramLicenseKey], [IsLicense], [EmployeeID], [Description], [ProgramPurchaseLink], [HasPlugIn], [IsDeleted], [IsCostPerYear], [DateBought]) VALUES (39, N'Sketch', 64.0000, NULL, NULL, 1, 29, N'Sketch Application', N'Sketch.com', 0, 0, 1, CAST(N'2019-02-02' AS Date))
INSERT [Program] ([ProgramID], [ProgramName], [ProgramCostPerYear], [ProgramCostPerEmployee], [ProgramLicenseKey], [IsLicense], [EmployeeID], [Description], [ProgramPurchaseLink], [HasPlugIn], [IsDeleted], [IsCostPerYear], [DateBought]) VALUES (40, N'Sketch', 64.0000, NULL, NULL, 1, 19, N'Sketch Application', N'Sketch.com', 0, 0, 1, CAST(N'2019-02-02' AS Date))
INSERT [Program] ([ProgramID], [ProgramName], [ProgramCostPerYear], [ProgramCostPerEmployee], [ProgramLicenseKey], [IsLicense], [EmployeeID], [Description], [ProgramPurchaseLink], [HasPlugIn], [IsDeleted], [IsCostPerYear], [DateBought]) VALUES (41, N'Sketch', 64.0000, NULL, NULL, 1, 17, N'Sketch Application', N'Sketch.com', 0, 0, 1, CAST(N'2019-02-02' AS Date))
INSERT [Program] ([ProgramID], [ProgramName], [ProgramCostPerYear], [ProgramCostPerEmployee], [ProgramLicenseKey], [IsLicense], [EmployeeID], [Description], [ProgramPurchaseLink], [HasPlugIn], [IsDeleted], [IsCostPerYear], [DateBought]) VALUES (42, N'Sketch', 64.0000, NULL, NULL, 1, NULL, N'Sketch Application', N'Sketch.com', 0, 0, 1, CAST(N'2019-02-02' AS Date))
INSERT [Program] ([ProgramID], [ProgramName], [ProgramCostPerYear], [ProgramCostPerEmployee], [ProgramLicenseKey], [IsLicense], [EmployeeID], [Description], [ProgramPurchaseLink], [HasPlugIn], [IsDeleted], [IsCostPerYear], [DateBought]) VALUES (43, N'Sketch', 64.0000, NULL, NULL, 1, NULL, N'Sketch Application', N'Sketch.com', 0, 0, 1, CAST(N'2019-02-02' AS Date))
INSERT [Program] ([ProgramID], [ProgramName], [ProgramCostPerYear], [ProgramCostPerEmployee], [ProgramLicenseKey], [IsLicense], [EmployeeID], [Description], [ProgramPurchaseLink], [HasPlugIn], [IsDeleted], [IsCostPerYear], [DateBought]) VALUES (44, N'Sketch', 64.0000, NULL, NULL, 1, NULL, N'Sketch Application', N'Sketch.com', 0, 0, 1, CAST(N'2019-02-02' AS Date))
INSERT [Program] ([ProgramID], [ProgramName], [ProgramCostPerYear], [ProgramCostPerEmployee], [ProgramLicenseKey], [IsLicense], [EmployeeID], [Description], [ProgramPurchaseLink], [HasPlugIn], [IsDeleted], [IsCostPerYear], [DateBought]) VALUES (45, N'Sketch', 64.0000, NULL, NULL, 1, NULL, N'Sketch Application', N'Sketch.com', 0, 0, 1, CAST(N'2019-02-02' AS Date))
INSERT [Program] ([ProgramID], [ProgramName], [ProgramCostPerYear], [ProgramCostPerEmployee], [ProgramLicenseKey], [IsLicense], [EmployeeID], [Description], [ProgramPurchaseLink], [HasPlugIn], [IsDeleted], [IsCostPerYear], [DateBought]) VALUES (46, N'123.Net', 10500.0000, 0.0000, NULL, 0, 10, N'Internet Line', N'123.Net', 0, 0, 0, CAST(N'2019-01-01' AS Date))
INSERT [Program] ([ProgramID], [ProgramName], [ProgramCostPerYear], [ProgramCostPerEmployee], [ProgramLicenseKey], [IsLicense], [EmployeeID], [Description], [ProgramPurchaseLink], [HasPlugIn], [IsDeleted], [IsCostPerYear], [DateBought]) VALUES (47, N'Comcast', 17400.0000, 0.0000, NULL, 0, 10, N'Internet Line', N'Comcast.Net', 0, 0, 0, CAST(N'2019-01-01' AS Date))
INSERT [Program] ([ProgramID], [ProgramName], [ProgramCostPerYear], [ProgramCostPerEmployee], [ProgramLicenseKey], [IsLicense], [EmployeeID], [Description], [ProgramPurchaseLink], [HasPlugIn], [IsDeleted], [IsCostPerYear], [DateBought]) VALUES (48, N'Adobe CC', 888.0000, 0.0000, NULL, 0, 18, N'Creative Cloud Subscription', N'https://www.adobe.com/creativecloud/plans.html?promoid=NV3KR7S1&mv=other', 0, 0, 0, CAST(N'2019-03-03' AS Date))
INSERT [Program] ([ProgramID], [ProgramName], [ProgramCostPerYear], [ProgramCostPerEmployee], [ProgramLicenseKey], [IsLicense], [EmployeeID], [Description], [ProgramPurchaseLink], [HasPlugIn], [IsDeleted], [IsCostPerYear], [DateBought]) VALUES (49, N'Adobe CC', 888.0000, 0.0000, NULL, 0, 29, N'Creative Cloud Subscription', N'https://www.adobe.com/creativecloud/plans.html?promoid=NV3KR7S1&mv=other', 0, 0, 0, CAST(N'2019-03-03' AS Date))
INSERT [Program] ([ProgramID], [ProgramName], [ProgramCostPerYear], [ProgramCostPerEmployee], [ProgramLicenseKey], [IsLicense], [EmployeeID], [Description], [ProgramPurchaseLink], [HasPlugIn], [IsDeleted], [IsCostPerYear], [DateBought]) VALUES (50, N'Adobe CC', 888.0000, 0.0000, NULL, 0, 28, N'Creative Cloud Subscription', N'https://www.adobe.com/creativecloud/plans.html?promoid=NV3KR7S1&mv=other', 0, 0, 0, CAST(N'2019-03-03' AS Date))
INSERT [Program] ([ProgramID], [ProgramName], [ProgramCostPerYear], [ProgramCostPerEmployee], [ProgramLicenseKey], [IsLicense], [EmployeeID], [Description], [ProgramPurchaseLink], [HasPlugIn], [IsDeleted], [IsCostPerYear], [DateBought]) VALUES (51, N'Adobe CC', 888.0000, 0.0000, NULL, 0, 27, N'Creative Cloud Subscription', N'https://www.adobe.com/creativecloud/plans.html?promoid=NV3KR7S1&mv=other', 0, 0, 0, CAST(N'2019-03-03' AS Date))
INSERT [Program] ([ProgramID], [ProgramName], [ProgramCostPerYear], [ProgramCostPerEmployee], [ProgramLicenseKey], [IsLicense], [EmployeeID], [Description], [ProgramPurchaseLink], [HasPlugIn], [IsDeleted], [IsCostPerYear], [DateBought]) VALUES (52, N'Adobe CC', 888.0000, 0.0000, NULL, 0, NULL, N'Creative Cloud Subscription', N'https://www.adobe.com/creativecloud/plans.html?promoid=NV3KR7S1&mv=other', 0, 0, 0, CAST(N'2019-03-03' AS Date))
INSERT [Program] ([ProgramID], [ProgramName], [ProgramCostPerYear], [ProgramCostPerEmployee], [ProgramLicenseKey], [IsLicense], [EmployeeID], [Description], [ProgramPurchaseLink], [HasPlugIn], [IsDeleted], [IsCostPerYear], [DateBought]) VALUES (53, N'Adobe CC', 888.0000, 0.0000, NULL, 0, NULL, N'Creative Cloud Subscription', N'https://www.adobe.com/creativecloud/plans.html?promoid=NV3KR7S1&mv=other', 0, 0, 0, CAST(N'2019-03-03' AS Date))
INSERT [Program] ([ProgramID], [ProgramName], [ProgramCostPerYear], [ProgramCostPerEmployee], [ProgramLicenseKey], [IsLicense], [EmployeeID], [Description], [ProgramPurchaseLink], [HasPlugIn], [IsDeleted], [IsCostPerYear], [DateBought]) VALUES (54, N'Adobe CC', 888.0000, 0.0000, NULL, 0, NULL, N'Creative Cloud Subscription', N'https://www.adobe.com/creativecloud/plans.html?promoid=NV3KR7S1&mv=other', 0, 0, 0, CAST(N'2019-03-03' AS Date))
INSERT [Program] ([ProgramID], [ProgramName], [ProgramCostPerYear], [ProgramCostPerEmployee], [ProgramLicenseKey], [IsLicense], [EmployeeID], [Description], [ProgramPurchaseLink], [HasPlugIn], [IsDeleted], [IsCostPerYear], [DateBought]) VALUES (55, N'Adobe CC', 888.0000, 0.0000, NULL, 0, NULL, N'Creative Cloud Subscription', N'https://www.adobe.com/creativecloud/plans.html?promoid=NV3KR7S1&mv=other', 0, 0, 0, CAST(N'2019-03-03' AS Date))
INSERT [Program] ([ProgramID], [ProgramName], [ProgramCostPerYear], [ProgramCostPerEmployee], [ProgramLicenseKey], [IsLicense], [EmployeeID], [Description], [ProgramPurchaseLink], [HasPlugIn], [IsDeleted], [IsCostPerYear], [DateBought]) VALUES (56, N'Adobe CC', 888.0000, 0.0000, NULL, 0, NULL, N'Creative Cloud Subscription', N'https://www.adobe.com/creativecloud/plans.html?promoid=NV3KR7S1&mv=other', 0, 0, 0, CAST(N'2019-03-03' AS Date))
INSERT [Program] ([ProgramID], [ProgramName], [ProgramCostPerYear], [ProgramCostPerEmployee], [ProgramLicenseKey], [IsLicense], [EmployeeID], [Description], [ProgramPurchaseLink], [HasPlugIn], [IsDeleted], [IsCostPerYear], [DateBought]) VALUES (57, N'Adobe CC', 888.0000, 0.0000, NULL, 0, NULL, N'Creative Cloud Subscription', N'https://www.adobe.com/creativecloud/plans.html?promoid=NV3KR7S1&mv=other', 0, 0, 0, CAST(N'2019-03-03' AS Date))
INSERT [Program] ([ProgramID], [ProgramName], [ProgramCostPerYear], [ProgramCostPerEmployee], [ProgramLicenseKey], [IsLicense], [EmployeeID], [Description], [ProgramPurchaseLink], [HasPlugIn], [IsDeleted], [IsCostPerYear], [DateBought]) VALUES (58, N'Mail Site', 975.0000, 0.0000, NULL, 0, 10, N'Site for mail', N'https://www.mailsite.com/', 0, 0, 1, CAST(N'2019-04-04' AS Date))
INSERT [Program] ([ProgramID], [ProgramName], [ProgramCostPerYear], [ProgramCostPerEmployee], [ProgramLicenseKey], [IsLicense], [EmployeeID], [Description], [ProgramPurchaseLink], [HasPlugIn], [IsDeleted], [IsCostPerYear], [DateBought]) VALUES (59, N'Bitvise', 99.9500, 0.0000, NULL, 0, 10, N'SSH Server', N'https://www.bitvise.com/order/new-license', 0, 0, 1, CAST(N'2019-02-03' AS Date))
INSERT [Program] ([ProgramID], [ProgramName], [ProgramCostPerYear], [ProgramCostPerEmployee], [ProgramLicenseKey], [IsLicense], [EmployeeID], [Description], [ProgramPurchaseLink], [HasPlugIn], [IsDeleted], [IsCostPerYear], [DateBought]) VALUES (60, N'Bitvise', 99.9500, 0.0000, NULL, 0, 10, N'SSH Server', N'https://www.bitvise.com/order/new-license', 0, 0, 1, CAST(N'2019-02-03' AS Date))
INSERT [Program] ([ProgramID], [ProgramName], [ProgramCostPerYear], [ProgramCostPerEmployee], [ProgramLicenseKey], [IsLicense], [EmployeeID], [Description], [ProgramPurchaseLink], [HasPlugIn], [IsDeleted], [IsCostPerYear], [DateBought]) VALUES (61, N'Bitvise', 99.9500, 0.0000, NULL, 0, 10, N'SSH Server', N'https://www.bitvise.com/order/new-license', 0, 0, 1, CAST(N'2019-02-03' AS Date))
INSERT [Program] ([ProgramID], [ProgramName], [ProgramCostPerYear], [ProgramCostPerEmployee], [ProgramLicenseKey], [IsLicense], [EmployeeID], [Description], [ProgramPurchaseLink], [HasPlugIn], [IsDeleted], [IsCostPerYear], [DateBought]) VALUES (62, N'Bitvise', 99.9500, 0.0000, NULL, 0, 10, N'SSH Server', N'https://www.bitvise.com/order/new-license', 0, 0, 1, CAST(N'2019-02-03' AS Date))
INSERT [Program] ([ProgramID], [ProgramName], [ProgramCostPerYear], [ProgramCostPerEmployee], [ProgramLicenseKey], [IsLicense], [EmployeeID], [Description], [ProgramPurchaseLink], [HasPlugIn], [IsDeleted], [IsCostPerYear], [DateBought]) VALUES (63, N'Bitvise', 99.9500, 0.0000, NULL, 0, 10, N'SSH Server', N'https://www.bitvise.com/order/new-license', 0, 0, 1, CAST(N'2019-02-03' AS Date))
INSERT [Program] ([ProgramID], [ProgramName], [ProgramCostPerYear], [ProgramCostPerEmployee], [ProgramLicenseKey], [IsLicense], [EmployeeID], [Description], [ProgramPurchaseLink], [HasPlugIn], [IsDeleted], [IsCostPerYear], [DateBought]) VALUES (64, N'Bitvise', 99.9500, 0.0000, NULL, 0, 10, N'SSH Server', N'https://www.bitvise.com/order/new-license', 0, 0, 1, CAST(N'2019-02-03' AS Date))
INSERT [Program] ([ProgramID], [ProgramName], [ProgramCostPerYear], [ProgramCostPerEmployee], [ProgramLicenseKey], [IsLicense], [EmployeeID], [Description], [ProgramPurchaseLink], [HasPlugIn], [IsDeleted], [IsCostPerYear], [DateBought]) VALUES (65, N'Bitvise', 99.9500, 0.0000, NULL, 0, 10, N'SSH Server', N'https://www.bitvise.com/order/new-license', 0, 0, 1, CAST(N'2019-02-03' AS Date))
INSERT [Program] ([ProgramID], [ProgramName], [ProgramCostPerYear], [ProgramCostPerEmployee], [ProgramLicenseKey], [IsLicense], [EmployeeID], [Description], [ProgramPurchaseLink], [HasPlugIn], [IsDeleted], [IsCostPerYear], [DateBought]) VALUES (66, N'VM Ware', 300.0000, 0.0000, NULL, 0, 31, N'For a virtual machine.', N'https://www.vmware.com/', 0, 0, 1, CAST(N'2019-02-03' AS Date))
INSERT [Program] ([ProgramID], [ProgramName], [ProgramCostPerYear], [ProgramCostPerEmployee], [ProgramLicenseKey], [IsLicense], [EmployeeID], [Description], [ProgramPurchaseLink], [HasPlugIn], [IsDeleted], [IsCostPerYear], [DateBought]) VALUES (67, N'VM Ware', 300.0000, 0.0000, NULL, 0, 32, N'For a virtual machine.', N'https://www.vmware.com/', 0, 0, 1, CAST(N'2019-02-03' AS Date))
INSERT [Program] ([ProgramID], [ProgramName], [ProgramCostPerYear], [ProgramCostPerEmployee], [ProgramLicenseKey], [IsLicense], [EmployeeID], [Description], [ProgramPurchaseLink], [HasPlugIn], [IsDeleted], [IsCostPerYear], [DateBought]) VALUES (68, N'VM Ware', 300.0000, 0.0000, NULL, 0, 33, N'For a virtual machine.', N'https://www.vmware.com/', 0, 0, 1, CAST(N'2019-02-03' AS Date))
INSERT [Program] ([ProgramID], [ProgramName], [ProgramCostPerYear], [ProgramCostPerEmployee], [ProgramLicenseKey], [IsLicense], [EmployeeID], [Description], [ProgramPurchaseLink], [HasPlugIn], [IsDeleted], [IsCostPerYear], [DateBought]) VALUES (69, N'Vipre', 1025.0000, 0.0000, NULL, 0, 10, N'Not a snake.', N'threattrack.com', 0, 0, 1, CAST(N'2019-04-03' AS Date))
INSERT [Program] ([ProgramID], [ProgramName], [ProgramCostPerYear], [ProgramCostPerEmployee], [ProgramLicenseKey], [IsLicense], [EmployeeID], [Description], [ProgramPurchaseLink], [HasPlugIn], [IsDeleted], [IsCostPerYear], [DateBought]) VALUES (70, N'ReSharper', 300.0000, 0.0000, NULL, 0, 26, N'From JetBrains', N'https://www.jetbrains.com', 0, 0, 1, CAST(N'2019-05-03' AS Date))
INSERT [Program] ([ProgramID], [ProgramName], [ProgramCostPerYear], [ProgramCostPerEmployee], [ProgramLicenseKey], [IsLicense], [EmployeeID], [Description], [ProgramPurchaseLink], [HasPlugIn], [IsDeleted], [IsCostPerYear], [DateBought]) VALUES (71, N'Barracuda Spam', 2000.0000, 0.0000, NULL, 0, 10, N'Helpful program', N'Barracuda.com', 0, 0, 1, CAST(N'2019-05-04' AS Date))
INSERT [Program] ([ProgramID], [ProgramName], [ProgramCostPerYear], [ProgramCostPerEmployee], [ProgramLicenseKey], [IsLicense], [EmployeeID], [Description], [ProgramPurchaseLink], [HasPlugIn], [IsDeleted], [IsCostPerYear], [DateBought]) VALUES (72, N'Cudatel', 3000.0000, 0.0000, NULL, 0, 10, N'Helpful program aswell', N'Barracuda.com', 0, 0, 1, CAST(N'2019-05-04' AS Date))
INSERT [Program] ([ProgramID], [ProgramName], [ProgramCostPerYear], [ProgramCostPerEmployee], [ProgramLicenseKey], [IsLicense], [EmployeeID], [Description], [ProgramPurchaseLink], [HasPlugIn], [IsDeleted], [IsCostPerYear], [DateBought]) VALUES (73, N'SSL Certs Wild', 300.0000, 0.0000, NULL, 0, 10, N'Certifications', N'', 0, 0, 1, CAST(N'2019-01-04' AS Date))
INSERT [Program] ([ProgramID], [ProgramName], [ProgramCostPerYear], [ProgramCostPerEmployee], [ProgramLicenseKey], [IsLicense], [EmployeeID], [Description], [ProgramPurchaseLink], [HasPlugIn], [IsDeleted], [IsCostPerYear], [DateBought]) VALUES (74, N'SSL Certs Wild', 300.0000, 0.0000, NULL, 0, 10, N'Certifications', N'', 0, 0, 1, CAST(N'2019-01-04' AS Date))
INSERT [Program] ([ProgramID], [ProgramName], [ProgramCostPerYear], [ProgramCostPerEmployee], [ProgramLicenseKey], [IsLicense], [EmployeeID], [Description], [ProgramPurchaseLink], [HasPlugIn], [IsDeleted], [IsCostPerYear], [DateBought]) VALUES (75, N'SSL Certs Standard', 70.0000, 0.0000, NULL, 0, 10, N'Certifications', N'', 0, 0, 1, CAST(N'2019-02-04' AS Date))
INSERT [Program] ([ProgramID], [ProgramName], [ProgramCostPerYear], [ProgramCostPerEmployee], [ProgramLicenseKey], [IsLicense], [EmployeeID], [Description], [ProgramPurchaseLink], [HasPlugIn], [IsDeleted], [IsCostPerYear], [DateBought]) VALUES (76, N'SSL Certs Standard', 70.0000, 0.0000, NULL, 0, 10, N'Certifications', N'', 0, 0, 1, CAST(N'2019-02-04' AS Date))
INSERT [Program] ([ProgramID], [ProgramName], [ProgramCostPerYear], [ProgramCostPerEmployee], [ProgramLicenseKey], [IsLicense], [EmployeeID], [Description], [ProgramPurchaseLink], [HasPlugIn], [IsDeleted], [IsCostPerYear], [DateBought]) VALUES (77, N'SSL Certs Standard', 70.0000, 0.0000, NULL, 0, 10, N'Certifications', N'', 0, 0, 1, CAST(N'2019-02-04' AS Date))
INSERT [Program] ([ProgramID], [ProgramName], [ProgramCostPerYear], [ProgramCostPerEmployee], [ProgramLicenseKey], [IsLicense], [EmployeeID], [Description], [ProgramPurchaseLink], [HasPlugIn], [IsDeleted], [IsCostPerYear], [DateBought]) VALUES (78, N'SSL Certs Standard', 70.0000, 0.0000, NULL, 0, 10, N'Certifications', N'', 0, 0, 1, CAST(N'2019-02-04' AS Date))
INSERT [Program] ([ProgramID], [ProgramName], [ProgramCostPerYear], [ProgramCostPerEmployee], [ProgramLicenseKey], [IsLicense], [EmployeeID], [Description], [ProgramPurchaseLink], [HasPlugIn], [IsDeleted], [IsCostPerYear], [DateBought]) VALUES (79, N'SSL Certs Standard', 70.0000, 0.0000, NULL, 0, 10, N'Certifications', N'', 0, 0, 1, CAST(N'2019-02-04' AS Date))
INSERT [Program] ([ProgramID], [ProgramName], [ProgramCostPerYear], [ProgramCostPerEmployee], [ProgramLicenseKey], [IsLicense], [EmployeeID], [Description], [ProgramPurchaseLink], [HasPlugIn], [IsDeleted], [IsCostPerYear], [DateBought]) VALUES (80, N'SSL Certs Standard', 70.0000, 0.0000, NULL, 0, 10, N'Certifications', N'', 0, 0, 1, CAST(N'2019-02-04' AS Date))
INSERT [Program] ([ProgramID], [ProgramName], [ProgramCostPerYear], [ProgramCostPerEmployee], [ProgramLicenseKey], [IsLicense], [EmployeeID], [Description], [ProgramPurchaseLink], [HasPlugIn], [IsDeleted], [IsCostPerYear], [DateBought]) VALUES (81, N'SSL Certs Standard', 70.0000, 0.0000, NULL, 0, 10, N'Certifications', N'', 0, 0, 1, CAST(N'2019-02-04' AS Date))
INSERT [Program] ([ProgramID], [ProgramName], [ProgramCostPerYear], [ProgramCostPerEmployee], [ProgramLicenseKey], [IsLicense], [EmployeeID], [Description], [ProgramPurchaseLink], [HasPlugIn], [IsDeleted], [IsCostPerYear], [DateBought]) VALUES (82, N'SSL Certs Standard', 70.0000, 0.0000, NULL, 0, 10, N'Certifications', N'', 0, 0, 1, CAST(N'2019-02-04' AS Date))
INSERT [Program] ([ProgramID], [ProgramName], [ProgramCostPerYear], [ProgramCostPerEmployee], [ProgramLicenseKey], [IsLicense], [EmployeeID], [Description], [ProgramPurchaseLink], [HasPlugIn], [IsDeleted], [IsCostPerYear], [DateBought]) VALUES (83, N'SSL Certs Standard', 70.0000, 0.0000, NULL, 0, 10, N'Certifications', N'', 0, 0, 1, CAST(N'2019-02-04' AS Date))
INSERT [Program] ([ProgramID], [ProgramName], [ProgramCostPerYear], [ProgramCostPerEmployee], [ProgramLicenseKey], [IsLicense], [EmployeeID], [Description], [ProgramPurchaseLink], [HasPlugIn], [IsDeleted], [IsCostPerYear], [DateBought]) VALUES (84, N'SSL Certs Standard', 70.0000, 0.0000, NULL, 0, 10, N'Certifications', N'', 0, 0, 1, CAST(N'2019-02-04' AS Date))
INSERT [Program] ([ProgramID], [ProgramName], [ProgramCostPerYear], [ProgramCostPerEmployee], [ProgramLicenseKey], [IsLicense], [EmployeeID], [Description], [ProgramPurchaseLink], [HasPlugIn], [IsDeleted], [IsCostPerYear], [DateBought]) VALUES (85, N'SSL Certs Standard', 70.0000, 0.0000, NULL, 0, 10, N'Certifications', N'', 0, 0, 1, CAST(N'2019-02-04' AS Date))
INSERT [Program] ([ProgramID], [ProgramName], [ProgramCostPerYear], [ProgramCostPerEmployee], [ProgramLicenseKey], [IsLicense], [EmployeeID], [Description], [ProgramPurchaseLink], [HasPlugIn], [IsDeleted], [IsCostPerYear], [DateBought]) VALUES (86, N'SSL Certs Standard', 70.0000, 0.0000, NULL, 0, 10, N'Certifications', N'', 0, 0, 1, CAST(N'2019-02-04' AS Date))
INSERT [Program] ([ProgramID], [ProgramName], [ProgramCostPerYear], [ProgramCostPerEmployee], [ProgramLicenseKey], [IsLicense], [EmployeeID], [Description], [ProgramPurchaseLink], [HasPlugIn], [IsDeleted], [IsCostPerYear], [DateBought]) VALUES (87, N'SSL Certs Standard', 70.0000, 0.0000, NULL, 0, 10, N'Certifications', N'', 0, 0, 1, CAST(N'2019-02-04' AS Date))
INSERT [Program] ([ProgramID], [ProgramName], [ProgramCostPerYear], [ProgramCostPerEmployee], [ProgramLicenseKey], [IsLicense], [EmployeeID], [Description], [ProgramPurchaseLink], [HasPlugIn], [IsDeleted], [IsCostPerYear], [DateBought]) VALUES (88, N'SSL Certs Standard', 70.0000, 0.0000, NULL, 0, 10, N'Certifications', N'', 0, 0, 1, CAST(N'2019-02-04' AS Date))
INSERT [Program] ([ProgramID], [ProgramName], [ProgramCostPerYear], [ProgramCostPerEmployee], [ProgramLicenseKey], [IsLicense], [EmployeeID], [Description], [ProgramPurchaseLink], [HasPlugIn], [IsDeleted], [IsCostPerYear], [DateBought]) VALUES (89, N'SSL Certs Standard', 70.0000, 0.0000, NULL, 0, 10, N'Certifications', N'', 0, 0, 1, CAST(N'2019-02-04' AS Date))
INSERT [Program] ([ProgramID], [ProgramName], [ProgramCostPerYear], [ProgramCostPerEmployee], [ProgramLicenseKey], [IsLicense], [EmployeeID], [Description], [ProgramPurchaseLink], [HasPlugIn], [IsDeleted], [IsCostPerYear], [DateBought]) VALUES (90, N'PRTG', 2000.0000, 0.0000, NULL, 0, 10, N'This important program.', N'Paessler.com', 0, 0, 1, CAST(N'2019-07-04' AS Date))
INSERT [Program] ([ProgramID], [ProgramName], [ProgramCostPerYear], [ProgramCostPerEmployee], [ProgramLicenseKey], [IsLicense], [EmployeeID], [Description], [ProgramPurchaseLink], [HasPlugIn], [IsDeleted], [IsCostPerYear], [DateBought]) VALUES (91, N'Generator', 500.0000, 0.0000, NULL, 0, 10, N'When the power is out but you still need to code.', N'', 0, 0, 0, CAST(N'2019-03-04' AS Date))
INSERT [Program] ([ProgramID], [ProgramName], [ProgramCostPerYear], [ProgramCostPerEmployee], [ProgramLicenseKey], [IsLicense], [EmployeeID], [Description], [ProgramPurchaseLink], [HasPlugIn], [IsDeleted], [IsCostPerYear], [DateBought]) VALUES (92, N'Parallels (Home Edition)', 0.0000, 60.0000, NULL, 0, 11, N'Two OS as once.', N'https://www.parallels.com/', 0, 0, 0, CAST(N'2019-03-14' AS Date))
INSERT [Program] ([ProgramID], [ProgramName], [ProgramCostPerYear], [ProgramCostPerEmployee], [ProgramLicenseKey], [IsLicense], [EmployeeID], [Description], [ProgramPurchaseLink], [HasPlugIn], [IsDeleted], [IsCostPerYear], [DateBought]) VALUES (93, N'Parallels (Home Edition)', 0.0000, 60.0000, NULL, 0, 13, N'Two OS as once.', N'https://www.parallels.com/', 0, 0, 0, CAST(N'2019-03-14' AS Date))
INSERT [Program] ([ProgramID], [ProgramName], [ProgramCostPerYear], [ProgramCostPerEmployee], [ProgramLicenseKey], [IsLicense], [EmployeeID], [Description], [ProgramPurchaseLink], [HasPlugIn], [IsDeleted], [IsCostPerYear], [DateBought]) VALUES (94, N'Parallels (Home Edition)', 0.0000, 60.0000, NULL, 0, NULL, N'Two OS as once.', N'https://www.parallels.com/', 0, 0, 0, CAST(N'2019-03-14' AS Date))
INSERT [Program] ([ProgramID], [ProgramName], [ProgramCostPerYear], [ProgramCostPerEmployee], [ProgramLicenseKey], [IsLicense], [EmployeeID], [Description], [ProgramPurchaseLink], [HasPlugIn], [IsDeleted], [IsCostPerYear], [DateBought]) VALUES (95, N'Parallels (Business Edition)', 106.0000, 0.0000, NULL, 0, 21, N'Two OS as once.', N'https://www.parallels.com/', 0, 0, 1, CAST(N'2019-03-14' AS Date))
INSERT [Program] ([ProgramID], [ProgramName], [ProgramCostPerYear], [ProgramCostPerEmployee], [ProgramLicenseKey], [IsLicense], [EmployeeID], [Description], [ProgramPurchaseLink], [HasPlugIn], [IsDeleted], [IsCostPerYear], [DateBought]) VALUES (96, N'Parallels (Business Edition)', 106.0000, 0.0000, NULL, 0, 22, N'Two OS as once.', N'https://www.parallels.com/', 0, 0, 1, CAST(N'2019-03-14' AS Date))
INSERT [Program] ([ProgramID], [ProgramName], [ProgramCostPerYear], [ProgramCostPerEmployee], [ProgramLicenseKey], [IsLicense], [EmployeeID], [Description], [ProgramPurchaseLink], [HasPlugIn], [IsDeleted], [IsCostPerYear], [DateBought]) VALUES (97, N'Parallels (Business Edition)', 106.0000, 0.0000, NULL, 0, 23, N'Two OS as once.', N'https://www.parallels.com/', 0, 0, 1, CAST(N'2019-03-14' AS Date))
INSERT [Program] ([ProgramID], [ProgramName], [ProgramCostPerYear], [ProgramCostPerEmployee], [ProgramLicenseKey], [IsLicense], [EmployeeID], [Description], [ProgramPurchaseLink], [HasPlugIn], [IsDeleted], [IsCostPerYear], [DateBought]) VALUES (98, N'Parallels (Business Edition)', 106.0000, 0.0000, NULL, 0, 24, N'Two OS as once.', N'https://www.parallels.com/', 0, 0, 1, CAST(N'2019-03-14' AS Date))
INSERT [Program] ([ProgramID], [ProgramName], [ProgramCostPerYear], [ProgramCostPerEmployee], [ProgramLicenseKey], [IsLicense], [EmployeeID], [Description], [ProgramPurchaseLink], [HasPlugIn], [IsDeleted], [IsCostPerYear], [DateBought]) VALUES (99, N'Parallels (Business Edition)', 106.0000, 0.0000, NULL, 0, NULL, N'Two OS as once.', N'https://www.parallels.com/', 0, 0, 1, CAST(N'2019-03-14' AS Date))
INSERT [Program] ([ProgramID], [ProgramName], [ProgramCostPerYear], [ProgramCostPerEmployee], [ProgramLicenseKey], [IsLicense], [EmployeeID], [Description], [ProgramPurchaseLink], [HasPlugIn], [IsDeleted], [IsCostPerYear], [DateBought]) VALUES (100, N'Stretchy-Search', 1005.0000, 0.0000, NULL, 0, 13, N'Powerful searching.', N'www.stretchy-search.com', 0, 0, 1, CAST(N'2019-03-15' AS Date))
INSERT [Program] ([ProgramID], [ProgramName], [ProgramCostPerYear], [ProgramCostPerEmployee], [ProgramLicenseKey], [IsLicense], [EmployeeID], [Description], [ProgramPurchaseLink], [HasPlugIn], [IsDeleted], [IsCostPerYear], [DateBought]) VALUES (101, N'Mail Tester', 120.0000, 0.0000, NULL, 0, 13, N'Test sending emails during development.', N'www.mail-test.com', 0, 0, 0, CAST(N'2019-03-15' AS Date))
INSERT [Program] ([ProgramID], [ProgramName], [ProgramCostPerYear], [ProgramCostPerEmployee], [ProgramLicenseKey], [IsLicense], [EmployeeID], [Description], [ProgramPurchaseLink], [HasPlugIn], [IsDeleted], [IsCostPerYear], [DateBought]) VALUES (102, N'AWS', 360.0000, 0.0000, NULL, 0, 10, N'Shopping at work.', N'www.amazon.com', 0, 0, 1, CAST(N'2019-03-13' AS Date))
INSERT [Program] ([ProgramID], [ProgramName], [ProgramCostPerYear], [ProgramCostPerEmployee], [ProgramLicenseKey], [IsLicense], [EmployeeID], [Description], [ProgramPurchaseLink], [HasPlugIn], [IsDeleted], [IsCostPerYear], [DateBought]) VALUES (103, N'Bitbucket User', 33.0000, 0.0000, NULL, 1, 11, N'50 users.', N'https://bitbucket.org/', 1, 0, 1, CAST(N'2019-03-13' AS Date))
INSERT [Program] ([ProgramID], [ProgramName], [ProgramCostPerYear], [ProgramCostPerEmployee], [ProgramLicenseKey], [IsLicense], [EmployeeID], [Description], [ProgramPurchaseLink], [HasPlugIn], [IsDeleted], [IsCostPerYear], [DateBought]) VALUES (104, N'Bitbucket User', 33.0000, 0.0000, NULL, 1, 13, N'50 users.', N'https://bitbucket.org/', 1, 0, 1, CAST(N'2019-03-13' AS Date))
INSERT [Program] ([ProgramID], [ProgramName], [ProgramCostPerYear], [ProgramCostPerEmployee], [ProgramLicenseKey], [IsLicense], [EmployeeID], [Description], [ProgramPurchaseLink], [HasPlugIn], [IsDeleted], [IsCostPerYear], [DateBought]) VALUES (105, N'Bitbucket User', 33.0000, 0.0000, NULL, 1, 15, N'50 users.', N'https://bitbucket.org/', 1, 0, 1, CAST(N'2019-03-13' AS Date))
INSERT [Program] ([ProgramID], [ProgramName], [ProgramCostPerYear], [ProgramCostPerEmployee], [ProgramLicenseKey], [IsLicense], [EmployeeID], [Description], [ProgramPurchaseLink], [HasPlugIn], [IsDeleted], [IsCostPerYear], [DateBought]) VALUES (106, N'Bitbucket User', 33.0000, 0.0000, NULL, 1, 17, N'50 users.', N'https://bitbucket.org/', 1, 0, 1, CAST(N'2019-03-13' AS Date))
INSERT [Program] ([ProgramID], [ProgramName], [ProgramCostPerYear], [ProgramCostPerEmployee], [ProgramLicenseKey], [IsLicense], [EmployeeID], [Description], [ProgramPurchaseLink], [HasPlugIn], [IsDeleted], [IsCostPerYear], [DateBought]) VALUES (107, N'Bitbucket User', 33.0000, 0.0000, NULL, 1, 21, N'50 users.', N'https://bitbucket.org/', 1, 0, 1, CAST(N'2019-03-13' AS Date))
INSERT [Program] ([ProgramID], [ProgramName], [ProgramCostPerYear], [ProgramCostPerEmployee], [ProgramLicenseKey], [IsLicense], [EmployeeID], [Description], [ProgramPurchaseLink], [HasPlugIn], [IsDeleted], [IsCostPerYear], [DateBought]) VALUES (108, N'Bitbucket User', 33.0000, 0.0000, NULL, 1, 23, N'50 users.', N'https://bitbucket.org/', 1, 0, 1, CAST(N'2019-03-13' AS Date))
INSERT [Program] ([ProgramID], [ProgramName], [ProgramCostPerYear], [ProgramCostPerEmployee], [ProgramLicenseKey], [IsLicense], [EmployeeID], [Description], [ProgramPurchaseLink], [HasPlugIn], [IsDeleted], [IsCostPerYear], [DateBought]) VALUES (109, N'Bitbucket User', 33.0000, 0.0000, NULL, 1, 24, N'50 users.', N'https://bitbucket.org/', 1, 0, 1, CAST(N'2019-03-13' AS Date))
INSERT [Program] ([ProgramID], [ProgramName], [ProgramCostPerYear], [ProgramCostPerEmployee], [ProgramLicenseKey], [IsLicense], [EmployeeID], [Description], [ProgramPurchaseLink], [HasPlugIn], [IsDeleted], [IsCostPerYear], [DateBought]) VALUES (110, N'Bitbucket User', 33.0000, 0.0000, NULL, 1, 25, N'50 users.', N'https://bitbucket.org/', 1, 0, 1, CAST(N'2019-03-13' AS Date))
INSERT [Program] ([ProgramID], [ProgramName], [ProgramCostPerYear], [ProgramCostPerEmployee], [ProgramLicenseKey], [IsLicense], [EmployeeID], [Description], [ProgramPurchaseLink], [HasPlugIn], [IsDeleted], [IsCostPerYear], [DateBought]) VALUES (111, N'Bitbucket User', 33.0000, 0.0000, NULL, 1, 26, N'50 users.', N'https://bitbucket.org/', 1, 0, 1, CAST(N'2019-03-13' AS Date))
INSERT [Program] ([ProgramID], [ProgramName], [ProgramCostPerYear], [ProgramCostPerEmployee], [ProgramLicenseKey], [IsLicense], [EmployeeID], [Description], [ProgramPurchaseLink], [HasPlugIn], [IsDeleted], [IsCostPerYear], [DateBought]) VALUES (112, N'Bitbucket User', 33.0000, 0.0000, NULL, 1, NULL, N'50 users.', N'https://bitbucket.org/', 1, 0, 1, CAST(N'2019-03-13' AS Date))
INSERT [Program] ([ProgramID], [ProgramName], [ProgramCostPerYear], [ProgramCostPerEmployee], [ProgramLicenseKey], [IsLicense], [EmployeeID], [Description], [ProgramPurchaseLink], [HasPlugIn], [IsDeleted], [IsCostPerYear], [DateBought]) VALUES (113, N'Jira Software', 33.0000, 0.0000, NULL, 1, 11, N'100 users.', N'https://www.atlassian.com/software/jira', 1, 0, 1, CAST(N'2019-03-12' AS Date))
INSERT [Program] ([ProgramID], [ProgramName], [ProgramCostPerYear], [ProgramCostPerEmployee], [ProgramLicenseKey], [IsLicense], [EmployeeID], [Description], [ProgramPurchaseLink], [HasPlugIn], [IsDeleted], [IsCostPerYear], [DateBought]) VALUES (114, N'Jira Software', 33.0000, 0.0000, NULL, 1, 13, N'100 users.', N'https://www.atlassian.com/software/jira', 1, 0, 1, CAST(N'2019-03-12' AS Date))
INSERT [Program] ([ProgramID], [ProgramName], [ProgramCostPerYear], [ProgramCostPerEmployee], [ProgramLicenseKey], [IsLicense], [EmployeeID], [Description], [ProgramPurchaseLink], [HasPlugIn], [IsDeleted], [IsCostPerYear], [DateBought]) VALUES (115, N'Jira Software', 33.0000, 0.0000, NULL, 1, 15, N'100 users.', N'https://www.atlassian.com/software/jira', 1, 0, 1, CAST(N'2019-03-12' AS Date))
INSERT [Program] ([ProgramID], [ProgramName], [ProgramCostPerYear], [ProgramCostPerEmployee], [ProgramLicenseKey], [IsLicense], [EmployeeID], [Description], [ProgramPurchaseLink], [HasPlugIn], [IsDeleted], [IsCostPerYear], [DateBought]) VALUES (116, N'Jira Software', 33.0000, 0.0000, NULL, 1, 17, N'100 users.', N'https://www.atlassian.com/software/jira', 1, 0, 1, CAST(N'2019-03-12' AS Date))
INSERT [Program] ([ProgramID], [ProgramName], [ProgramCostPerYear], [ProgramCostPerEmployee], [ProgramLicenseKey], [IsLicense], [EmployeeID], [Description], [ProgramPurchaseLink], [HasPlugIn], [IsDeleted], [IsCostPerYear], [DateBought]) VALUES (117, N'Jira Software', 33.0000, 0.0000, NULL, 1, 21, N'100 users.', N'https://www.atlassian.com/software/jira', 1, 0, 1, CAST(N'2019-03-12' AS Date))
INSERT [Program] ([ProgramID], [ProgramName], [ProgramCostPerYear], [ProgramCostPerEmployee], [ProgramLicenseKey], [IsLicense], [EmployeeID], [Description], [ProgramPurchaseLink], [HasPlugIn], [IsDeleted], [IsCostPerYear], [DateBought]) VALUES (118, N'Jira Software', 33.0000, 0.0000, NULL, 1, 23, N'100 users.', N'https://www.atlassian.com/software/jira', 1, 0, 1, CAST(N'2019-03-12' AS Date))
INSERT [Program] ([ProgramID], [ProgramName], [ProgramCostPerYear], [ProgramCostPerEmployee], [ProgramLicenseKey], [IsLicense], [EmployeeID], [Description], [ProgramPurchaseLink], [HasPlugIn], [IsDeleted], [IsCostPerYear], [DateBought]) VALUES (119, N'Jira Software', 33.0000, 0.0000, NULL, 1, 24, N'100 users.', N'https://www.atlassian.com/software/jira', 1, 0, 1, CAST(N'2019-03-12' AS Date))
INSERT [Program] ([ProgramID], [ProgramName], [ProgramCostPerYear], [ProgramCostPerEmployee], [ProgramLicenseKey], [IsLicense], [EmployeeID], [Description], [ProgramPurchaseLink], [HasPlugIn], [IsDeleted], [IsCostPerYear], [DateBought]) VALUES (120, N'Jira Software', 33.0000, 0.0000, NULL, 1, 26, N'100 users.', N'https://www.atlassian.com/software/jira', 1, 0, 1, CAST(N'2019-03-12' AS Date))
INSERT [Program] ([ProgramID], [ProgramName], [ProgramCostPerYear], [ProgramCostPerEmployee], [ProgramLicenseKey], [IsLicense], [EmployeeID], [Description], [ProgramPurchaseLink], [HasPlugIn], [IsDeleted], [IsCostPerYear], [DateBought]) VALUES (121, N'Jira Software', 33.0000, 0.0000, NULL, 1, NULL, N'100 users.', N'https://www.atlassian.com/software/jira', 1, 0, 1, CAST(N'2019-03-12' AS Date))
INSERT [Program] ([ProgramID], [ProgramName], [ProgramCostPerYear], [ProgramCostPerEmployee], [ProgramLicenseKey], [IsLicense], [EmployeeID], [Description], [ProgramPurchaseLink], [HasPlugIn], [IsDeleted], [IsCostPerYear], [DateBought]) VALUES (122, N'Jira Software', 33.0000, 0.0000, NULL, 1, NULL, N'100 users.', N'https://www.atlassian.com/software/jira', 1, 0, 1, CAST(N'2019-03-12' AS Date))
INSERT [Program] ([ProgramID], [ProgramName], [ProgramCostPerYear], [ProgramCostPerEmployee], [ProgramLicenseKey], [IsLicense], [EmployeeID], [Description], [ProgramPurchaseLink], [HasPlugIn], [IsDeleted], [IsCostPerYear], [DateBought]) VALUES (123, N'Confluence User', 60.0000, 0.0000, NULL, 0, 1, N'Keep all of your work in one space. From Atlassian.', N'https://www.atlassian.com/software/confluence', 0, 0, 0, CAST(N'2019-03-11' AS Date))
INSERT [Program] ([ProgramID], [ProgramName], [ProgramCostPerYear], [ProgramCostPerEmployee], [ProgramLicenseKey], [IsLicense], [EmployeeID], [Description], [ProgramPurchaseLink], [HasPlugIn], [IsDeleted], [IsCostPerYear], [DateBought]) VALUES (124, N'Confluence User', 60.0000, 0.0000, NULL, 0, 11, N'Keep all of your work in one space. From Atlassian.', N'https://www.atlassian.com/software/confluence', 0, 0, 0, CAST(N'2019-03-11' AS Date))
INSERT [Program] ([ProgramID], [ProgramName], [ProgramCostPerYear], [ProgramCostPerEmployee], [ProgramLicenseKey], [IsLicense], [EmployeeID], [Description], [ProgramPurchaseLink], [HasPlugIn], [IsDeleted], [IsCostPerYear], [DateBought]) VALUES (125, N'Confluence User', 60.0000, 0.0000, NULL, 0, 13, N'Keep all of your work in one space. From Atlassian.', N'https://www.atlassian.com/software/confluence', 0, 0, 0, CAST(N'2019-03-11' AS Date))
INSERT [Program] ([ProgramID], [ProgramName], [ProgramCostPerYear], [ProgramCostPerEmployee], [ProgramLicenseKey], [IsLicense], [EmployeeID], [Description], [ProgramPurchaseLink], [HasPlugIn], [IsDeleted], [IsCostPerYear], [DateBought]) VALUES (126, N'Confluence User', 60.0000, 0.0000, NULL, 0, 15, N'Keep all of your work in one space. From Atlassian.', N'https://www.atlassian.com/software/confluence', 0, 0, 0, CAST(N'2019-03-11' AS Date))
INSERT [Program] ([ProgramID], [ProgramName], [ProgramCostPerYear], [ProgramCostPerEmployee], [ProgramLicenseKey], [IsLicense], [EmployeeID], [Description], [ProgramPurchaseLink], [HasPlugIn], [IsDeleted], [IsCostPerYear], [DateBought]) VALUES (127, N'Confluence User', 60.0000, 0.0000, NULL, 0, 17, N'Keep all of your work in one space. From Atlassian.', N'https://www.atlassian.com/software/confluence', 0, 0, 0, CAST(N'2019-03-11' AS Date))
INSERT [Program] ([ProgramID], [ProgramName], [ProgramCostPerYear], [ProgramCostPerEmployee], [ProgramLicenseKey], [IsLicense], [EmployeeID], [Description], [ProgramPurchaseLink], [HasPlugIn], [IsDeleted], [IsCostPerYear], [DateBought]) VALUES (128, N'Confluence User', 60.0000, 0.0000, NULL, 0, 18, N'Keep all of your work in one space. From Atlassian.', N'https://www.atlassian.com/software/confluence', 0, 0, 0, CAST(N'2019-03-11' AS Date))
INSERT [Program] ([ProgramID], [ProgramName], [ProgramCostPerYear], [ProgramCostPerEmployee], [ProgramLicenseKey], [IsLicense], [EmployeeID], [Description], [ProgramPurchaseLink], [HasPlugIn], [IsDeleted], [IsCostPerYear], [DateBought]) VALUES (129, N'Confluence User', 60.0000, 0.0000, NULL, 0, 19, N'Keep all of your work in one space. From Atlassian.', N'https://www.atlassian.com/software/confluence', 0, 0, 0, CAST(N'2019-03-11' AS Date))
INSERT [Program] ([ProgramID], [ProgramName], [ProgramCostPerYear], [ProgramCostPerEmployee], [ProgramLicenseKey], [IsLicense], [EmployeeID], [Description], [ProgramPurchaseLink], [HasPlugIn], [IsDeleted], [IsCostPerYear], [DateBought]) VALUES (130, N'Confluence User', 60.0000, 0.0000, NULL, 0, 20, N'Keep all of your work in one space. From Atlassian.', N'https://www.atlassian.com/software/confluence', 0, 0, 0, CAST(N'2019-03-11' AS Date))
INSERT [Program] ([ProgramID], [ProgramName], [ProgramCostPerYear], [ProgramCostPerEmployee], [ProgramLicenseKey], [IsLicense], [EmployeeID], [Description], [ProgramPurchaseLink], [HasPlugIn], [IsDeleted], [IsCostPerYear], [DateBought]) VALUES (131, N'Confluence User', 60.0000, 0.0000, NULL, 0, 21, N'Keep all of your work in one space. From Atlassian.', N'https://www.atlassian.com/software/confluence', 0, 0, 0, CAST(N'2019-03-11' AS Date))
INSERT [Program] ([ProgramID], [ProgramName], [ProgramCostPerYear], [ProgramCostPerEmployee], [ProgramLicenseKey], [IsLicense], [EmployeeID], [Description], [ProgramPurchaseLink], [HasPlugIn], [IsDeleted], [IsCostPerYear], [DateBought]) VALUES (132, N'Confluence User', 60.0000, 0.0000, NULL, 0, 11, N'Keep all of your work in one space. From Atlassian.', N'https://www.atlassian.com/software/confluence', 0, 0, 0, CAST(N'2019-03-11' AS Date))
INSERT [Program] ([ProgramID], [ProgramName], [ProgramCostPerYear], [ProgramCostPerEmployee], [ProgramLicenseKey], [IsLicense], [EmployeeID], [Description], [ProgramPurchaseLink], [HasPlugIn], [IsDeleted], [IsCostPerYear], [DateBought]) VALUES (138, N'Visual Studio 2016', 0.0000, 300.0000, NULL, 1, NULL, N'An old version of this IDE.', N'https://visualstudio.microsoft.com/', 0, 1, 0, CAST(N'2015-03-11' AS Date))
INSERT [Program] ([ProgramID], [ProgramName], [ProgramCostPerYear], [ProgramCostPerEmployee], [ProgramLicenseKey], [IsLicense], [EmployeeID], [Description], [ProgramPurchaseLink], [HasPlugIn], [IsDeleted], [IsCostPerYear], [DateBought]) VALUES (139, N'Visual Studio 2016', 0.0000, 300.0000, NULL, 1, NULL, N'An old version of this IDE.', N'https://visualstudio.microsoft.com/', 0, 1, 0, CAST(N'2015-03-11' AS Date))
INSERT [Program] ([ProgramID], [ProgramName], [ProgramCostPerYear], [ProgramCostPerEmployee], [ProgramLicenseKey], [IsLicense], [EmployeeID], [Description], [ProgramPurchaseLink], [HasPlugIn], [IsDeleted], [IsCostPerYear], [DateBought]) VALUES (140, N'Visual Studio 2016', 0.0000, 300.0000, NULL, 1, NULL, N'An old version of this IDE.', N'https://visualstudio.microsoft.com/', 0, 1, 0, CAST(N'2015-03-11' AS Date))
INSERT [Program] ([ProgramID], [ProgramName], [ProgramCostPerYear], [ProgramCostPerEmployee], [ProgramLicenseKey], [IsLicense], [EmployeeID], [Description], [ProgramPurchaseLink], [HasPlugIn], [IsDeleted], [IsCostPerYear], [DateBought]) VALUES (141, N'Visual Studio 2016', 0.0000, 300.0000, NULL, 1, NULL, N'An old version of this IDE.', N'https://visualstudio.microsoft.com/', 0, 1, 0, CAST(N'2015-03-11' AS Date))
GO
INSERT [Program] ([ProgramID], [ProgramName], [ProgramCostPerYear], [ProgramCostPerEmployee], [ProgramLicenseKey], [IsLicense], [EmployeeID], [Description], [ProgramPurchaseLink], [HasPlugIn], [IsDeleted], [IsCostPerYear], [DateBought]) VALUES (142, N'Visual Studio 2016', 0.0000, 300.0000, NULL, 1, 3, N'An old version of this IDE.', N'https://visualstudio.microsoft.com/', 0, 1, 0, CAST(N'2015-03-11' AS Date))
INSERT [Program] ([ProgramID], [ProgramName], [ProgramCostPerYear], [ProgramCostPerEmployee], [ProgramLicenseKey], [IsLicense], [EmployeeID], [Description], [ProgramPurchaseLink], [HasPlugIn], [IsDeleted], [IsCostPerYear], [DateBought]) VALUES (143, N'Visual Studio 2019', 0.0000, 300.0000, NULL, 1, NULL, N'A new version of this IDE', N'https://visualstudio.microsoft.com/', 0, 0, 0, CAST(N'2018-03-11' AS Date))
INSERT [Program] ([ProgramID], [ProgramName], [ProgramCostPerYear], [ProgramCostPerEmployee], [ProgramLicenseKey], [IsLicense], [EmployeeID], [Description], [ProgramPurchaseLink], [HasPlugIn], [IsDeleted], [IsCostPerYear], [DateBought]) VALUES (144, N'Visual Studio 2019', 0.0000, 300.0000, NULL, 1, NULL, N'A new version of this IDE', N'https://visualstudio.microsoft.com/', 0, 0, 0, CAST(N'2018-03-11' AS Date))
INSERT [Program] ([ProgramID], [ProgramName], [ProgramCostPerYear], [ProgramCostPerEmployee], [ProgramLicenseKey], [IsLicense], [EmployeeID], [Description], [ProgramPurchaseLink], [HasPlugIn], [IsDeleted], [IsCostPerYear], [DateBought]) VALUES (145, N'Visual Studio 2019', 0.0000, 300.0000, NULL, 1, NULL, N'A new version of this IDE', N'https://visualstudio.microsoft.com/', 0, 0, 0, CAST(N'2018-03-11' AS Date))
INSERT [Program] ([ProgramID], [ProgramName], [ProgramCostPerYear], [ProgramCostPerEmployee], [ProgramLicenseKey], [IsLicense], [EmployeeID], [Description], [ProgramPurchaseLink], [HasPlugIn], [IsDeleted], [IsCostPerYear], [DateBought]) VALUES (146, N'Visual Studio 2019', 0.0000, 300.0000, NULL, 1, NULL, N'A new version of this IDE', N'https://visualstudio.microsoft.com/', 0, 0, 0, CAST(N'2018-03-11' AS Date))
INSERT [Program] ([ProgramID], [ProgramName], [ProgramCostPerYear], [ProgramCostPerEmployee], [ProgramLicenseKey], [IsLicense], [EmployeeID], [Description], [ProgramPurchaseLink], [HasPlugIn], [IsDeleted], [IsCostPerYear], [DateBought]) VALUES (147, N'Visual Studio 2019', 0.0000, 300.0000, NULL, 1, NULL, N'A new version of this IDE', N'https://visualstudio.microsoft.com/', 0, 0, 0, CAST(N'2018-03-11' AS Date))
INSERT [Program] ([ProgramID], [ProgramName], [ProgramCostPerYear], [ProgramCostPerEmployee], [ProgramLicenseKey], [IsLicense], [EmployeeID], [Description], [ProgramPurchaseLink], [HasPlugIn], [IsDeleted], [IsCostPerYear], [DateBought]) VALUES (148, N'Old software', 450.0000, 0.0000, NULL, 1, 23, N'This software is no longer used', N'website.com', 0, 1, 0, CAST(N'2013-03-11' AS Date))
INSERT [Program] ([ProgramID], [ProgramName], [ProgramCostPerYear], [ProgramCostPerEmployee], [ProgramLicenseKey], [IsLicense], [EmployeeID], [Description], [ProgramPurchaseLink], [HasPlugIn], [IsDeleted], [IsCostPerYear], [DateBought]) VALUES (149, N'Old software', 450.0000, 0.0000, NULL, 1, 24, N'This software is no longer used', N'website.com', 0, 1, 0, CAST(N'2013-03-11' AS Date))
INSERT [Program] ([ProgramID], [ProgramName], [ProgramCostPerYear], [ProgramCostPerEmployee], [ProgramLicenseKey], [IsLicense], [EmployeeID], [Description], [ProgramPurchaseLink], [HasPlugIn], [IsDeleted], [IsCostPerYear], [DateBought]) VALUES (150, N'Old software', 450.0000, 0.0000, NULL, 1, 25, N'This software is no longer used', N'website.com', 0, 1, 0, CAST(N'2013-03-11' AS Date))
INSERT [Program] ([ProgramID], [ProgramName], [ProgramCostPerYear], [ProgramCostPerEmployee], [ProgramLicenseKey], [IsLicense], [EmployeeID], [Description], [ProgramPurchaseLink], [HasPlugIn], [IsDeleted], [IsCostPerYear], [DateBought]) VALUES (151, N'Old software', 450.0000, 0.0000, NULL, 1, 26, N'This software is no longer used', N'website.com', 0, 1, 0, CAST(N'2013-03-11' AS Date))
INSERT [Program] ([ProgramID], [ProgramName], [ProgramCostPerYear], [ProgramCostPerEmployee], [ProgramLicenseKey], [IsLicense], [EmployeeID], [Description], [ProgramPurchaseLink], [HasPlugIn], [IsDeleted], [IsCostPerYear], [DateBought]) VALUES (152, N'Old software', 450.0000, 0.0000, NULL, 1, NULL, N'This software is no longer used', N'website.com', 0, 1, 0, CAST(N'2013-03-11' AS Date))
SET IDENTITY_INSERT [Program] OFF
SET IDENTITY_INSERT [Server] ON 

INSERT [Server] ([ServerID], [ServerName], [FQDN], [NumberOfCores], [OperatingSystem], [RAM], [Virtualize], [RenewalDate], [EmployeeID], [PurchaseDate], [FlatCost], [EndOfLife], [IsAssigned], [TextField], [CostPerYear], [IsDeleted], [MFG]) VALUES (1, N'Server', N'Idk', 12, N'Windows', 64, 0, CAST(N'2019-02-02' AS Date), 10, CAST(N'2017-02-20' AS Date), NULL, CAST(N'2022-02-02' AS Date), 1, NULL, 650.0000, 0, NULL)
INSERT [Server] ([ServerID], [ServerName], [FQDN], [NumberOfCores], [OperatingSystem], [RAM], [Virtualize], [RenewalDate], [EmployeeID], [PurchaseDate], [FlatCost], [EndOfLife], [IsAssigned], [TextField], [CostPerYear], [IsDeleted], [MFG]) VALUES (2, N'Server', N'IDK', 24, N'Windows', 62, 0, CAST(N'2019-05-10' AS Date), 10, CAST(N'2017-02-20' AS Date), NULL, CAST(N'2022-02-02' AS Date), 1, NULL, 650.0000, 0, NULL)
SET IDENTITY_INSERT [Server] OFF

SET IDENTITY_INSERT [Plugins] ON 

INSERT [Plugins] ([PluginName], [PluginID], [PluginFlatCost], [ProgramID], [TextField], [PluginCostPerYear], [IsDeleted]) VALUES (N'Bitbucket Server Webhook to Jenkins', 14, 0.0000, 103, N'Plugin for Bitbucket', 350.0000, 0)
INSERT [Plugins] ([PluginName], [PluginID], [PluginFlatCost], [ProgramID], [TextField], [PluginCostPerYear], [IsDeleted]) VALUES (N'Bitbucket Server Webhook to Jenkins', 15, 0.0000, 104, N'Plugin for Bitbucket', 350.0000, 0)
INSERT [Plugins] ([PluginName], [PluginID], [PluginFlatCost], [ProgramID], [TextField], [PluginCostPerYear], [IsDeleted]) VALUES (N'Bitbucket Server Webhook to Jenkins', 16, 0.0000, 105, N'Plugin for Bitbucket', 350.0000, 0)
INSERT [Plugins] ([PluginName], [PluginID], [PluginFlatCost], [ProgramID], [TextField], [PluginCostPerYear], [IsDeleted]) VALUES (N'Bitbucket Server Webhook to Jenkins', 17, 0.0000, 106, N'Plugin for Bitbucket', 350.0000, 0)
INSERT [Plugins] ([PluginName], [PluginID], [PluginFlatCost], [ProgramID], [TextField], [PluginCostPerYear], [IsDeleted]) VALUES (N'Bitbucket Server Webhook to Jenkins', 18, 0.0000, 107, N'Plugin for Bitbucket', 350.0000, 0)
INSERT [Plugins] ([PluginName], [PluginID], [PluginFlatCost], [ProgramID], [TextField], [PluginCostPerYear], [IsDeleted]) VALUES (N'Bitbucket Server Webhook to Jenkins', 19, 0.0000, 108, N'Plugin for Bitbucket', 350.0000, 0)
INSERT [Plugins] ([PluginName], [PluginID], [PluginFlatCost], [ProgramID], [TextField], [PluginCostPerYear], [IsDeleted]) VALUES (N'Bitbucket Server Webhook to Jenkins', 20, 0.0000, 109, N'Plugin for Bitbucket', 350.0000, 0)
INSERT [Plugins] ([PluginName], [PluginID], [PluginFlatCost], [ProgramID], [TextField], [PluginCostPerYear], [IsDeleted]) VALUES (N'Bitbucket Server Webhook to Jenkins', 21, 0.0000, 110, N'Plugin for Bitbucket', 350.0000, 0)
INSERT [Plugins] ([PluginName], [PluginID], [PluginFlatCost], [ProgramID], [TextField], [PluginCostPerYear], [IsDeleted]) VALUES (N'Bitbucket Server Webhook to Jenkins', 22, 0.0000, 111, N'Plugin for Bitbucket', 350.0000, 0)
INSERT [Plugins] ([PluginName], [PluginID], [PluginFlatCost], [ProgramID], [TextField], [PluginCostPerYear], [IsDeleted]) VALUES (N'Bitbucket Server Webhook to Jenkins', 23, 0.0000, 112, N'Plugin for Bitbucket', 350.0000, 0)
INSERT [Plugins] ([PluginName], [PluginID], [PluginFlatCost], [ProgramID], [TextField], [PluginCostPerYear], [IsDeleted]) VALUES (N'Timetracker', 24, 0.0000, 113, N'Plugin for Jira', 225.0000, 0)
INSERT [Plugins] ([PluginName], [PluginID], [PluginFlatCost], [ProgramID], [TextField], [PluginCostPerYear], [IsDeleted]) VALUES (N'Timetracker', 25, 0.0000, 114, N'Plugin for Jira', 225.0000, 0)
INSERT [Plugins] ([PluginName], [PluginID], [PluginFlatCost], [ProgramID], [TextField], [PluginCostPerYear], [IsDeleted]) VALUES (N'Timetracker', 26, 0.0000, 115, N'Plugin for Jira', 225.0000, 0)
INSERT [Plugins] ([PluginName], [PluginID], [PluginFlatCost], [ProgramID], [TextField], [PluginCostPerYear], [IsDeleted]) VALUES (N'Timetracker', 27, 0.0000, 116, N'Plugin for Jira', 225.0000, 0)
INSERT [Plugins] ([PluginName], [PluginID], [PluginFlatCost], [ProgramID], [TextField], [PluginCostPerYear], [IsDeleted]) VALUES (N'Timetracker', 28, 0.0000, 117, N'Plugin for Jira', 225.0000, 0)
INSERT [Plugins] ([PluginName], [PluginID], [PluginFlatCost], [ProgramID], [TextField], [PluginCostPerYear], [IsDeleted]) VALUES (N'Timetracker', 29, 0.0000, 118, N'Plugin for Jira', 225.0000, 0)
INSERT [Plugins] ([PluginName], [PluginID], [PluginFlatCost], [ProgramID], [TextField], [PluginCostPerYear], [IsDeleted]) VALUES (N'Timetracker', 30, 0.0000, 119, N'Plugin for Jira', 225.0000, 0)
INSERT [Plugins] ([PluginName], [PluginID], [PluginFlatCost], [ProgramID], [TextField], [PluginCostPerYear], [IsDeleted]) VALUES (N'Timetracker', 31, 0.0000, 120, N'Plugin for Jira', 225.0000, 0)
INSERT [Plugins] ([PluginName], [PluginID], [PluginFlatCost], [ProgramID], [TextField], [PluginCostPerYear], [IsDeleted]) VALUES (N'Timetracker', 32, 0.0000, 121, N'Plugin for Jira', 225.0000, 0)
INSERT [Plugins] ([PluginName], [PluginID], [PluginFlatCost], [ProgramID], [TextField], [PluginCostPerYear], [IsDeleted]) VALUES (N'Timetracker', 33, 0.0000, 122, N'Plugin for Jira', 225.0000, 0)
INSERT [Plugins] ([PluginName], [PluginID], [PluginFlatCost], [ProgramID], [TextField], [PluginCostPerYear], [IsDeleted]) VALUES (N'JIRA Service Desk (Server)', 34, 0.0000, 113, N'Plugin for Jira', 10.0000, 0)
INSERT [Plugins] ([PluginName], [PluginID], [PluginFlatCost], [ProgramID], [TextField], [PluginCostPerYear], [IsDeleted]) VALUES (N'JIRA Service Desk (Server)', 35, 0.0000, 114, N'Plugin for Jira', 10.0000, 0)
INSERT [Plugins] ([PluginName], [PluginID], [PluginFlatCost], [ProgramID], [TextField], [PluginCostPerYear], [IsDeleted]) VALUES (N'JIRA Service Desk (Server)', 36, 0.0000, 115, N'Plugin for Jira', 10.0000, 0)
INSERT [Plugins] ([PluginName], [PluginID], [PluginFlatCost], [ProgramID], [TextField], [PluginCostPerYear], [IsDeleted]) VALUES (N'JIRA Service Desk (Server)', 37, 0.0000, 116, N'Plugin for Jira', 10.0000, 0)
INSERT [Plugins] ([PluginName], [PluginID], [PluginFlatCost], [ProgramID], [TextField], [PluginCostPerYear], [IsDeleted]) VALUES (N'JIRA Service Desk (Server)', 38, 0.0000, 117, N'Plugin for Jira', 10.0000, 0)
INSERT [Plugins] ([PluginName], [PluginID], [PluginFlatCost], [ProgramID], [TextField], [PluginCostPerYear], [IsDeleted]) VALUES (N'JIRA Service Desk (Server)', 39, 0.0000, 118, N'Plugin for Jira', 10.0000, 0)
INSERT [Plugins] ([PluginName], [PluginID], [PluginFlatCost], [ProgramID], [TextField], [PluginCostPerYear], [IsDeleted]) VALUES (N'JIRA Service Desk (Server)', 40, 0.0000, 119, N'Plugin for Jira', 10.0000, 0)
INSERT [Plugins] ([PluginName], [PluginID], [PluginFlatCost], [ProgramID], [TextField], [PluginCostPerYear], [IsDeleted]) VALUES (N'JIRA Service Desk (Server)', 41, 0.0000, 120, N'Plugin for Jira', 10.0000, 0)
INSERT [Plugins] ([PluginName], [PluginID], [PluginFlatCost], [ProgramID], [TextField], [PluginCostPerYear], [IsDeleted]) VALUES (N'JIRA Service Desk (Server)', 42, 0.0000, 121, N'Plugin for Jira', 10.0000, 0)
INSERT [Plugins] ([PluginName], [PluginID], [PluginFlatCost], [ProgramID], [TextField], [PluginCostPerYear], [IsDeleted]) VALUES (N'JIRA Service Desk (Server)', 43, 0.0000, 122, N'Plugin for Jira', 10.0000, 0)
INSERT [Plugins] ([PluginName], [PluginID], [PluginFlatCost], [ProgramID], [TextField], [PluginCostPerYear], [IsDeleted]) VALUES (N'Adaptavist ScriptRunner', 44, 0.0000, 113, N'Plugin for Jira', 250.0000, 0)
INSERT [Plugins] ([PluginName], [PluginID], [PluginFlatCost], [ProgramID], [TextField], [PluginCostPerYear], [IsDeleted]) VALUES (N'Adaptavist ScriptRunner', 45, 0.0000, 114, N'Plugin for Jira', 250.0000, 0)
INSERT [Plugins] ([PluginName], [PluginID], [PluginFlatCost], [ProgramID], [TextField], [PluginCostPerYear], [IsDeleted]) VALUES (N'Adaptavist ScriptRunner', 46, 0.0000, 115, N'Plugin for Jira', 250.0000, 0)
INSERT [Plugins] ([PluginName], [PluginID], [PluginFlatCost], [ProgramID], [TextField], [PluginCostPerYear], [IsDeleted]) VALUES (N'Adaptavist ScriptRunner', 47, 0.0000, 116, N'Plugin for Jira', 250.0000, 0)
INSERT [Plugins] ([PluginName], [PluginID], [PluginFlatCost], [ProgramID], [TextField], [PluginCostPerYear], [IsDeleted]) VALUES (N'Adaptavist ScriptRunner', 48, 0.0000, 117, N'Plugin for Jira', 250.0000, 0)
INSERT [Plugins] ([PluginName], [PluginID], [PluginFlatCost], [ProgramID], [TextField], [PluginCostPerYear], [IsDeleted]) VALUES (N'Adaptavist ScriptRunner', 49, 0.0000, 118, N'Plugin for Jira', 250.0000, 0)
INSERT [Plugins] ([PluginName], [PluginID], [PluginFlatCost], [ProgramID], [TextField], [PluginCostPerYear], [IsDeleted]) VALUES (N'Adaptavist ScriptRunner', 50, 0.0000, 119, N'Plugin for Jira', 250.0000, 0)
INSERT [Plugins] ([PluginName], [PluginID], [PluginFlatCost], [ProgramID], [TextField], [PluginCostPerYear], [IsDeleted]) VALUES (N'Adaptavist ScriptRunner', 51, 0.0000, 120, N'Plugin for Jira', 250.0000, 0)
INSERT [Plugins] ([PluginName], [PluginID], [PluginFlatCost], [ProgramID], [TextField], [PluginCostPerYear], [IsDeleted]) VALUES (N'Adaptavist ScriptRunner', 52, 0.0000, 121, N'Plugin for Jira', 250.0000, 0)
INSERT [Plugins] ([PluginName], [PluginID], [PluginFlatCost], [ProgramID], [TextField], [PluginCostPerYear], [IsDeleted]) VALUES (N'Adaptavist ScriptRunner', 53, 0.0000, 122, N'Plugin for Jira', 250.0000, 0)
INSERT [Plugins] ([PluginName], [PluginID], [PluginFlatCost], [ProgramID], [TextField], [PluginCostPerYear], [IsDeleted]) VALUES (N'JIRA Suite Utilities', 54, 0.0000, 113, N'Plugin for Jira', 250.0000, 0)
INSERT [Plugins] ([PluginName], [PluginID], [PluginFlatCost], [ProgramID], [TextField], [PluginCostPerYear], [IsDeleted]) VALUES (N'JIRA Suite Utilities', 55, 0.0000, 114, N'Plugin for Jira', 250.0000, 0)
INSERT [Plugins] ([PluginName], [PluginID], [PluginFlatCost], [ProgramID], [TextField], [PluginCostPerYear], [IsDeleted]) VALUES (N'JIRA Suite Utilities', 56, 0.0000, 115, N'Plugin for Jira', 250.0000, 0)
INSERT [Plugins] ([PluginName], [PluginID], [PluginFlatCost], [ProgramID], [TextField], [PluginCostPerYear], [IsDeleted]) VALUES (N'JIRA Suite Utilities', 57, 0.0000, 116, N'Plugin for Jira', 250.0000, 0)
INSERT [Plugins] ([PluginName], [PluginID], [PluginFlatCost], [ProgramID], [TextField], [PluginCostPerYear], [IsDeleted]) VALUES (N'JIRA Suite Utilities', 58, 0.0000, 117, N'Plugin for Jira', 250.0000, 0)
INSERT [Plugins] ([PluginName], [PluginID], [PluginFlatCost], [ProgramID], [TextField], [PluginCostPerYear], [IsDeleted]) VALUES (N'JIRA Suite Utilities', 59, 0.0000, 118, N'Plugin for Jira', 250.0000, 0)
INSERT [Plugins] ([PluginName], [PluginID], [PluginFlatCost], [ProgramID], [TextField], [PluginCostPerYear], [IsDeleted]) VALUES (N'JIRA Suite Utilities', 60, 0.0000, 119, N'Plugin for Jira', 250.0000, 0)
INSERT [Plugins] ([PluginName], [PluginID], [PluginFlatCost], [ProgramID], [TextField], [PluginCostPerYear], [IsDeleted]) VALUES (N'JIRA Suite Utilities', 61, 0.0000, 120, N'Plugin for Jira', 250.0000, 0)
INSERT [Plugins] ([PluginName], [PluginID], [PluginFlatCost], [ProgramID], [TextField], [PluginCostPerYear], [IsDeleted]) VALUES (N'JIRA Suite Utilities', 62, 0.0000, 121, N'Plugin for Jira', 250.0000, 0)
INSERT [Plugins] ([PluginName], [PluginID], [PluginFlatCost], [ProgramID], [TextField], [PluginCostPerYear], [IsDeleted]) VALUES (N'JIRA Suite Utilities', 63, 0.0000, 122, N'Plugin for Jira', 250.0000, 0)
INSERT [Plugins] ([PluginName], [PluginID], [PluginFlatCost], [ProgramID], [TextField], [PluginCostPerYear], [IsDeleted]) VALUES (N'Old Plugin', 64, 0.0000, 121, N'Old plugin for Jira', 11.1100, 0)
INSERT [Plugins] ([PluginName], [PluginID], [PluginFlatCost], [ProgramID], [TextField], [PluginCostPerYear], [IsDeleted]) VALUES (N'Old Plugin', 65, 0.0000, 122, N'old plugin for Jira', 11.1100, 0)
SET IDENTITY_INSERT [Plugins] OFF

SET IDENTITY_INSERT [ProgramHistory] ON 
INSERT [ProgramHistory] ([ProgramHistoryID], [CurrentOwnerID], [CurrentOwnerStartDate], [PreviousOwnerID], [ProgramID], [EventName], [EventDescription]) VALUES (1, 18, CAST(N'2019-02-02' AS Date), NULL, 38, NULL, NULL)
INSERT [ProgramHistory] ([ProgramHistoryID], [CurrentOwnerID], [CurrentOwnerStartDate], [PreviousOwnerID], [ProgramID], [EventName], [EventDescription]) VALUES (2, 29, CAST(N'2019-02-02' AS Date), NULL, 39, NULL, NULL)
INSERT [ProgramHistory] ([ProgramHistoryID], [CurrentOwnerID], [CurrentOwnerStartDate], [PreviousOwnerID], [ProgramID], [EventName], [EventDescription]) VALUES (3, 31, CAST(N'2019-02-02' AS Date), NULL, 66, NULL, NULL)
INSERT [ProgramHistory] ([ProgramHistoryID], [CurrentOwnerID], [CurrentOwnerStartDate], [PreviousOwnerID], [ProgramID], [EventName], [EventDescription]) VALUES (5, 32, CAST(N'2020-02-02' AS Date), NULL, 67, NULL, NULL)
INSERT [ProgramHistory] ([ProgramHistoryID], [CurrentOwnerID], [CurrentOwnerStartDate], [PreviousOwnerID], [ProgramID], [EventName], [EventDescription]) VALUES (6, 33, CAST(N'2020-02-02' AS Date), NULL, 68, NULL, NULL)
INSERT [ProgramHistory] ([ProgramHistoryID], [CurrentOwnerID], [CurrentOwnerStartDate], [PreviousOwnerID], [ProgramID], [EventName], [EventDescription]) VALUES (8, 11, CAST(N'2019-02-02' AS Date), NULL, 92, NULL, NULL)
SET IDENTITY_INSERT [ProgramHistory] OFF